<annotation>
	<folder>kathakali-characters</folder>
	<filename>00008.jpg</filename>
	<path>/kathakali-characters/00008.jpg</path>
	<source>
		<database>Unspecified</database>
	</source>
	<size>
		<width>360</width>
		<height>295</height>
		<depth>3</depth>
	</size>
	<object>
		<name>Pacha</name>
		<pose>Unspecified</pose>
		<truncated>Unspecified</truncated>
		<difficult>Unspecified</difficult>
		<bndbox>
			<xmin>64</xmin>
			<ymin>114</ymin>
			<xmax>114</xmax>
			<ymax>150</ymax>
		</bndbox>
	</object>
</annotation>