<annotation>
	<folder>kathakali-characters</folder>
	<filename>00005.jpg</filename>
	<path>/kathakali-characters/00005.jpg</path>
	<source>
		<database>Unspecified</database>
	</source>
	<size>
		<width>1200</width>
		<height>799</height>
		<depth>3</depth>
	</size>
	<object>
		<name>Pacha</name>
		<pose>Unspecified</pose>
		<truncated>Unspecified</truncated>
		<difficult>Unspecified</difficult>
		<bndbox>
			<xmin>479</xmin>
			<ymin>247</ymin>
			<xmax>514</xmax>
			<ymax>308</ymax>
		</bndbox>
	</object>
	<object>
		<name>Pacha</name>
		<pose>Unspecified</pose>
		<truncated>Unspecified</truncated>
		<difficult>Unspecified</difficult>
		<bndbox>
			<xmin>835</xmin>
			<ymin>274</ymin>
			<xmax>908</xmax>
			<ymax>337</ymax>
		</bndbox>
	</object>
</annotation>