<annotation>
	<folder>kathakali-characters</folder>
	<filename>00004.jpg</filename>
	<path>/kathakali-characters/00004.jpg</path>
	<source>
		<database>Unspecified</database>
	</source>
	<size>
		<width>800</width>
		<height>600</height>
		<depth>3</depth>
	</size>
	<object>
		<name>Pacha</name>
		<pose>Unspecified</pose>
		<truncated>Unspecified</truncated>
		<difficult>Unspecified</difficult>
		<bndbox>
			<xmin>225</xmin>
			<ymin>156</ymin>
			<xmax>299</xmax>
			<ymax>215</ymax>
		</bndbox>
	</object>
</annotation>