<annotation>
	<folder>kathakali-characters</folder>
	<filename>00006.jpg</filename>
	<path>/kathakali-characters/00006.jpg</path>
	<source>
		<database>Unspecified</database>
	</source>
	<size>
		<width>1600</width>
		<height>1087</height>
		<depth>3</depth>
	</size>
	<object>
		<name>Pacha</name>
		<pose>Unspecified</pose>
		<truncated>Unspecified</truncated>
		<difficult>Unspecified</difficult>
		<bndbox>
			<xmin>737</xmin>
			<ymin>337</ymin>
			<xmax>845</xmax>
			<ymax>415</ymax>
		</bndbox>
	</object>
</annotation>