<annotation>
	<folder>kathakali-characters</folder>
	<filename>00001.jpg</filename>
	<path>/kathakali-characters/00001.jpg</path>
	<source>
		<database>Unspecified</database>
	</source>
	<size>
		<width>1440</width>
		<height>958</height>
		<depth>3</depth>
	</size>
	<object>
		<name>Pacha</name>
		<pose>Unspecified</pose>
		<truncated>Unspecified</truncated>
		<difficult>Unspecified</difficult>
		<bndbox>
			<xmin>383</xmin>
			<ymin>250</ymin>
			<xmax>517</xmax>
			<ymax>352</ymax>
		</bndbox>
	</object>
</annotation>