<annotation>
	<folder>kathakali-characters</folder>
	<filename>00002.jpg</filename>
	<path>/kathakali-characters/00002.jpg</path>
	<source>
		<database>Unspecified</database>
	</source>
	<size>
		<width>192</width>
		<height>288</height>
		<depth>3</depth>
	</size>
	<object>
		<name>Pacha</name>
		<pose>Unspecified</pose>
		<truncated>Unspecified</truncated>
		<difficult>Unspecified</difficult>
		<bndbox>
			<xmin>119</xmin>
			<ymin>82</ymin>
			<xmax>147</xmax>
			<ymax>101</ymax>
		</bndbox>
	</object>
</annotation>