<annotation>
	<folder>kathakali-characters</folder>
	<filename>00012.jpg</filename>
	<path>/kathakali-characters/00012.jpg</path>
	<source>
		<database>Unspecified</database>
	</source>
	<size>
		<width>523</width>
		<height>400</height>
		<depth>3</depth>
	</size>
	<object>
		<name>Pacha</name>
		<pose>Unspecified</pose>
		<truncated>Unspecified</truncated>
		<difficult>Unspecified</difficult>
		<bndbox>
			<xmin>190</xmin>
			<ymin>105</ymin>
			<xmax>224</xmax>
			<ymax>150</ymax>
		</bndbox>
	</object>
	<object>
		<name>Pacha</name>
		<pose>Unspecified</pose>
		<truncated>Unspecified</truncated>
		<difficult>Unspecified</difficult>
		<bndbox>
			<xmin>257</xmin>
			<ymin>128</ymin>
			<xmax>289</xmax>
			<ymax>162</ymax>
		</bndbox>
	</object>
</annotation>