<annotation>
	<folder>kathakali-characters</folder>
	<filename>00016.jpg</filename>
	<path>/kathakali-characters/00016.jpg</path>
	<source>
		<database>Unspecified</database>
	</source>
	<size>
		<width>220</width>
		<height>391</height>
		<depth>3</depth>
	</size>
	<object>
		<name>Pacha</name>
		<pose>Unspecified</pose>
		<truncated>Unspecified</truncated>
		<difficult>Unspecified</difficult>
		<bndbox>
			<xmin>76</xmin>
			<ymin>135</ymin>
			<xmax>141</xmax>
			<ymax>183</ymax>
		</bndbox>
	</object>
</annotation>