<annotation>
	<folder>kathakali-characters</folder>
	<filename>00013.jpg</filename>
	<path>/kathakali-characters/00013.jpg</path>
	<source>
		<database>Unspecified</database>
	</source>
	<size>
		<width>1067</width>
		<height>1600</height>
		<depth>3</depth>
	</size>
	<object>
		<name>Pacha</name>
		<pose>Unspecified</pose>
		<truncated>Unspecified</truncated>
		<difficult>Unspecified</difficult>
		<bndbox>
			<xmin>432</xmin>
			<ymin>435</ymin>
			<xmax>668</xmax>
			<ymax>617</ymax>
		</bndbox>
	</object>
</annotation>