<annotation>
	<folder>kathakali-characters</folder>
	<filename>00014.jpg</filename>
	<path>/kathakali-characters/00014.jpg</path>
	<source>
		<database>Unspecified</database>
	</source>
	<size>
		<width>439</width>
		<height>445</height>
		<depth>3</depth>
	</size>
	<object>
		<name>Pacha</name>
		<pose>Unspecified</pose>
		<truncated>Unspecified</truncated>
		<difficult>Unspecified</difficult>
		<bndbox>
			<xmin>179</xmin>
			<ymin>115</ymin>
			<xmax>260</xmax>
			<ymax>168</ymax>
		</bndbox>
	</object>
</annotation>