<annotation>
	<folder>kathakali-characters</folder>
	<filename>00010.jpg</filename>
	<path>/kathakali-characters/00010.jpg</path>
	<source>
		<database>Unspecified</database>
	</source>
	<size>
		<width>768</width>
		<height>512</height>
		<depth>3</depth>
	</size>
	<object>
		<name>Pacha</name>
		<pose>Unspecified</pose>
		<truncated>Unspecified</truncated>
		<difficult>Unspecified</difficult>
		<bndbox>
			<xmin>192</xmin>
			<ymin>178</ymin>
			<xmax>232</xmax>
			<ymax>215</ymax>
		</bndbox>
	</object>
	<object>
		<name>Pacha</name>
		<pose>Unspecified</pose>
		<truncated>Unspecified</truncated>
		<difficult>Unspecified</difficult>
		<bndbox>
			<xmin>484</xmin>
			<ymin>198</ymin>
			<xmax>531</xmax>
			<ymax>232</ymax>
		</bndbox>
	</object>
	<object>
		<name>Pacha</name>
		<pose>Unspecified</pose>
		<truncated>Unspecified</truncated>
		<difficult>Unspecified</difficult>
		<bndbox>
			<xmin>705</xmin>
			<ymin>205</ymin>
			<xmax>746</xmax>
			<ymax>236</ymax>
		</bndbox>
	</object>
</annotation>