<annotation>
	<folder>kathakali-characters</folder>
	<filename>00017.jpg</filename>
	<path>/kathakali-characters/00017.jpg</path>
	<source>
		<database>Unspecified</database>
	</source>
	<size>
		<width>870</width>
		<height>580</height>
		<depth>3</depth>
	</size>
	<object>
		<name>Kathi</name>
		<pose>Unspecified</pose>
		<truncated>Unspecified</truncated>
		<difficult>Unspecified</difficult>
		<bndbox>
			<xmin>402</xmin>
			<ymin>233</ymin>
			<xmax>465</xmax>
			<ymax>278</ymax>
		</bndbox>
	</object>
</annotation>