<annotation>
	<folder>kathakali-characters</folder>
	<filename>00019.jpg</filename>
	<path>/kathakali-characters/00019.jpg</path>
	<source>
		<database>Unspecified</database>
	</source>
	<size>
		<width>796</width>
		<height>1024</height>
		<depth>3</depth>
	</size>
	<object>
		<name>Pacha</name>
		<pose>Unspecified</pose>
		<truncated>Unspecified</truncated>
		<difficult>Unspecified</difficult>
		<bndbox>
			<xmin>354</xmin>
			<ymin>401</ymin>
			<xmax>752</xmax>
			<ymax>674</ymax>
		</bndbox>
	</object>
</annotation>