<annotation>
	<folder>kathakali-characters</folder>
	<filename>00018.jpg</filename>
	<path>/kathakali-characters/00018.jpg</path>
	<source>
		<database>Unspecified</database>
	</source>
	<size>
		<width>640</width>
		<height>480</height>
		<depth>3</depth>
	</size>
	<object>
		<name>Kathi</name>
		<pose>Unspecified</pose>
		<truncated>Unspecified</truncated>
		<difficult>Unspecified</difficult>
		<bndbox>
			<xmin>201</xmin>
			<ymin>94</ymin>
			<xmax>247</xmax>
			<ymax>134</ymax>
		</bndbox>
	</object>
	<object>
		<name>Pacha</name>
		<pose>Unspecified</pose>
		<truncated>Unspecified</truncated>
		<difficult>Unspecified</difficult>
		<bndbox>
			<xmin>131</xmin>
			<ymin>281</ymin>
			<xmax>153</xmax>
			<ymax>315</ymax>
		</bndbox>
	</object>
</annotation>