<annotation>
	<folder>kathakali-characters</folder>
	<filename>00023.jpg</filename>
	<path>/kathakali-characters/00023.jpg</path>
	<source>
		<database>Unspecified</database>
	</source>
	<size>
		<width>800</width>
		<height>1200</height>
		<depth>3</depth>
	</size>
	<object>
		<name>Pacha</name>
		<pose>Unspecified</pose>
		<truncated>Unspecified</truncated>
		<difficult>Unspecified</difficult>
		<bndbox>
			<xmin>298</xmin>
			<ymin>399</ymin>
			<xmax>487</xmax>
			<ymax>590</ymax>
		</bndbox>
	</object>
</annotation>