<annotation>
	<folder>kathakali-characters</folder>
	<filename>00026.jpg</filename>
	<path>/kathakali-characters/00026.jpg</path>
	<source>
		<database>Unspecified</database>
	</source>
	<size>
		<width>1024</width>
		<height>683</height>
		<depth>3</depth>
	</size>
	<object>
		<name>Pacha</name>
		<pose>Unspecified</pose>
		<truncated>Unspecified</truncated>
		<difficult>Unspecified</difficult>
		<bndbox>
			<xmin>379</xmin>
			<ymin>254</ymin>
			<xmax>643</xmax>
			<ymax>436</ymax>
		</bndbox>
	</object>
</annotation>