<annotation>
	<folder>kathakali-characters</folder>
	<filename>00022.jpg</filename>
	<path>/kathakali-characters/00022.jpg</path>
	<source>
		<database>Unspecified</database>
	</source>
	<size>
		<width>507</width>
		<height>746</height>
		<depth>3</depth>
	</size>
	<object>
		<name>Pacha</name>
		<pose>Unspecified</pose>
		<truncated>Unspecified</truncated>
		<difficult>Unspecified</difficult>
		<bndbox>
			<xmin>185</xmin>
			<ymin>187</ymin>
			<xmax>309</xmax>
			<ymax>274</ymax>
		</bndbox>
	</object>
</annotation>