<annotation>
	<folder>kathakali-characters</folder>
	<filename>00025.jpg</filename>
	<path>/kathakali-characters/00025.jpg</path>
	<source>
		<database>Unspecified</database>
	</source>
	<size>
		<width>1280</width>
		<height>854</height>
		<depth>3</depth>
	</size>
	<object>
		<name>Pacha</name>
		<pose>Unspecified</pose>
		<truncated>Unspecified</truncated>
		<difficult>Unspecified</difficult>
		<bndbox>
			<xmin>890</xmin>
			<ymin>306</ymin>
			<xmax>974</xmax>
			<ymax>361</ymax>
		</bndbox>
	</object>
	<object>
		<name>Kathi</name>
		<pose>Unspecified</pose>
		<truncated>Unspecified</truncated>
		<difficult>Unspecified</difficult>
		<bndbox>
			<xmin>357</xmin>
			<ymin>264</ymin>
			<xmax>438</xmax>
			<ymax>323</ymax>
		</bndbox>
	</object>
</annotation>