<annotation>
	<folder>kathakali-characters</folder>
	<filename>00021.jpg</filename>
	<path>/kathakali-characters/00021.jpg</path>
	<source>
		<database>Unspecified</database>
	</source>
	<size>
		<width>400</width>
		<height>601</height>
		<depth>3</depth>
	</size>
	<object>
		<name>Kathi</name>
		<pose>Unspecified</pose>
		<truncated>Unspecified</truncated>
		<difficult>Unspecified</difficult>
		<bndbox>
			<xmin>24</xmin>
			<ymin>331</ymin>
			<xmax>372</xmax>
			<ymax>582</ymax>
		</bndbox>
	</object>
</annotation>