<annotation>
	<folder>kathakali-characters</folder>
	<filename>00037.jpg</filename>
	<path>/kathakali-characters/00037.jpg</path>
	<source>
		<database>Unspecified</database>
	</source>
	<size>
		<width>720</width>
		<height>450</height>
		<depth>3</depth>
	</size>
	<object>
		<name>Pacha</name>
		<pose>Unspecified</pose>
		<truncated>Unspecified</truncated>
		<difficult>Unspecified</difficult>
		<bndbox>
			<xmin>117</xmin>
			<ymin>157</ymin>
			<xmax>179</xmax>
			<ymax>204</ymax>
		</bndbox>
	</object>
	<object>
		<name>Pacha</name>
		<pose>Unspecified</pose>
		<truncated>Unspecified</truncated>
		<difficult>Unspecified</difficult>
		<bndbox>
			<xmin>500</xmin>
			<ymin>139</ymin>
			<xmax>566</xmax>
			<ymax>189</ymax>
		</bndbox>
	</object>
	<object>
		<name>Pacha</name>
		<pose>Unspecified</pose>
		<truncated>Unspecified</truncated>
		<difficult>Unspecified</difficult>
		<bndbox>
			<xmin>632</xmin>
			<ymin>176</ymin>
			<xmax>687</xmax>
			<ymax>218</ymax>
		</bndbox>
	</object>
	<object>
		<name>Pacha</name>
		<pose>Unspecified</pose>
		<truncated>Unspecified</truncated>
		<difficult>Unspecified</difficult>
		<bndbox>
			<xmin>400</xmin>
			<ymin>178</ymin>
			<xmax>452</xmax>
			<ymax>217</ymax>
		</bndbox>
	</object>
</annotation>