<annotation>
	<folder>kathakali-characters</folder>
	<filename>00034.jpg</filename>
	<path>/kathakali-characters/00034.jpg</path>
	<source>
		<database>Unspecified</database>
	</source>
	<size>
		<width>700</width>
		<height>525</height>
		<depth>3</depth>
	</size>
	<object>
		<name>Pacha</name>
		<pose>Unspecified</pose>
		<truncated>Unspecified</truncated>
		<difficult>Unspecified</difficult>
		<bndbox>
			<xmin>253</xmin>
			<ymin>321</ymin>
			<xmax>465</xmax>
			<ymax>458</ymax>
		</bndbox>
	</object>
</annotation>