<annotation>
	<folder>kathakali-characters</folder>
	<filename>00033.jpg</filename>
	<path>/kathakali-characters/00033.jpg</path>
	<source>
		<database>Unspecified</database>
	</source>
	<size>
		<width>1284</width>
		<height>1024</height>
		<depth>3</depth>
	</size>
	<object>
		<name>Pacha</name>
		<pose>Unspecified</pose>
		<truncated>Unspecified</truncated>
		<difficult>Unspecified</difficult>
		<bndbox>
			<xmin>845</xmin>
			<ymin>399</ymin>
			<xmax>1239</xmax>
			<ymax>673</ymax>
		</bndbox>
	</object>
</annotation>