<annotation>
	<folder>kathakali-characters</folder>
	<filename>00030.jpg</filename>
	<path>/kathakali-characters/00030.jpg</path>
	<source>
		<database>Unspecified</database>
	</source>
	<size>
		<width>522</width>
		<height>510</height>
		<depth>3</depth>
	</size>
	<object>
		<name>Kathi</name>
		<pose>Unspecified</pose>
		<truncated>Unspecified</truncated>
		<difficult>Unspecified</difficult>
		<bndbox>
			<xmin>175</xmin>
			<ymin>168</ymin>
			<xmax>290</xmax>
			<ymax>263</ymax>
		</bndbox>
	</object>
</annotation>