<annotation>
	<folder>kathakali-characters</folder>
	<filename>00038.jpg</filename>
	<path>/kathakali-characters/00038.jpg</path>
	<source>
		<database>Unspecified</database>
	</source>
	<size>
		<width>1280</width>
		<height>854</height>
		<depth>3</depth>
	</size>
	<object>
		<name>Pacha</name>
		<pose>Unspecified</pose>
		<truncated>Unspecified</truncated>
		<difficult>Unspecified</difficult>
		<bndbox>
			<xmin>881</xmin>
			<ymin>221</ymin>
			<xmax>965</xmax>
			<ymax>277</ymax>
		</bndbox>
	</object>
</annotation>