<annotation>
	<folder>kathakali-characters</folder>
	<filename>00035.jpg</filename>
	<path>/kathakali-characters/00035.jpg</path>
	<source>
		<database>Unspecified</database>
	</source>
	<size>
		<width>866</width>
		<height>1390</height>
		<depth>3</depth>
	</size>
	<object>
		<name>Pacha</name>
		<pose>Unspecified</pose>
		<truncated>Unspecified</truncated>
		<difficult>Unspecified</difficult>
		<bndbox>
			<xmin>352</xmin>
			<ymin>410</ymin>
			<xmax>566</xmax>
			<ymax>563</ymax>
		</bndbox>
	</object>
</annotation>