<annotation>
	<folder>kathakali-characters</folder>
	<filename>00036.jpg</filename>
	<path>/kathakali-characters/00036.jpg</path>
	<source>
		<database>Unspecified</database>
	</source>
	<size>
		<width>212</width>
		<height>250</height>
		<depth>3</depth>
	</size>
	<object>
		<name>Pacha</name>
		<pose>Unspecified</pose>
		<truncated>Unspecified</truncated>
		<difficult>Unspecified</difficult>
		<bndbox>
			<xmin>39</xmin>
			<ymin>57</ymin>
			<xmax>71</xmax>
			<ymax>80</ymax>
		</bndbox>
	</object>
	<object>
		<name>Kathi</name>
		<pose>Unspecified</pose>
		<truncated>Unspecified</truncated>
		<difficult>Unspecified</difficult>
		<bndbox>
			<xmin>139</xmin>
			<ymin>52</ymin>
			<xmax>175</xmax>
			<ymax>77</ymax>
		</bndbox>
	</object>
</annotation>