<annotation>
	<folder>kathakali-characters</folder>
	<filename>00039.jpg</filename>
	<path>/kathakali-characters/00039.jpg</path>
	<source>
		<database>Unspecified</database>
	</source>
	<size>
		<width>636</width>
		<height>630</height>
		<depth>3</depth>
	</size>
	<object>
		<name>Kathi</name>
		<pose>Unspecified</pose>
		<truncated>Unspecified</truncated>
		<difficult>Unspecified</difficult>
		<bndbox>
			<xmin>385</xmin>
			<ymin>349</ymin>
			<xmax>514</xmax>
			<ymax>462</ymax>
		</bndbox>
	</object>
</annotation>