<annotation>
	<folder>kathakali-characters</folder>
	<filename>00031.jpg</filename>
	<path>/kathakali-characters/00031.jpg</path>
	<source>
		<database>Unspecified</database>
	</source>
	<size>
		<width>1920</width>
		<height>1080</height>
		<depth>3</depth>
	</size>
	<object>
		<name>Pacha</name>
		<pose>Unspecified</pose>
		<truncated>Unspecified</truncated>
		<difficult>Unspecified</difficult>
		<bndbox>
			<xmin>927</xmin>
			<ymin>324</ymin>
			<xmax>1100</xmax>
			<ymax>468</ymax>
		</bndbox>
	</object>
</annotation>