<annotation>
	<folder>kathakali-characters</folder>
	<filename>00043.jpg</filename>
	<path>/kathakali-characters/00043.jpg</path>
	<source>
		<database>Unspecified</database>
	</source>
	<size>
		<width>400</width>
		<height>288</height>
		<depth>3</depth>
	</size>
	<object>
		<name>Kathi</name>
		<pose>Unspecified</pose>
		<truncated>Unspecified</truncated>
		<difficult>Unspecified</difficult>
		<bndbox>
			<xmin>73</xmin>
			<ymin>56</ymin>
			<xmax>333</xmax>
			<ymax>217</ymax>
		</bndbox>
	</object>
</annotation>