<annotation>
	<folder>kathakali-characters</folder>
	<filename>00046.jpg</filename>
	<path>/kathakali-characters/00046.jpg</path>
	<source>
		<database>Unspecified</database>
	</source>
	<size>
		<width>700</width>
		<height>467</height>
		<depth>3</depth>
	</size>
	<object>
		<name>Pacha</name>
		<pose>Unspecified</pose>
		<truncated>Unspecified</truncated>
		<difficult>Unspecified</difficult>
		<bndbox>
			<xmin>265</xmin>
			<ymin>98</ymin>
			<xmax>325</xmax>
			<ymax>148</ymax>
		</bndbox>
	</object>
</annotation>