<annotation>
	<folder>kathakali-characters</folder>
	<filename>00041.jpg</filename>
	<path>/kathakali-characters/00041.jpg</path>
	<source>
		<database>Unspecified</database>
	</source>
	<size>
		<width>3628</width>
		<height>1323</height>
		<depth>3</depth>
	</size>
	<object>
		<name>Pacha</name>
		<pose>Unspecified</pose>
		<truncated>Unspecified</truncated>
		<difficult>Unspecified</difficult>
		<bndbox>
			<xmin>115</xmin>
			<ymin>757</ymin>
			<xmax>477</xmax>
			<ymax>1025</ymax>
		</bndbox>
	</object>
</annotation>