<annotation>
	<folder>kathakali-characters</folder>
	<filename>00048.jpg</filename>
	<path>/kathakali-characters/00048.jpg</path>
	<source>
		<database>Unspecified</database>
	</source>
	<size>
		<width>800</width>
		<height>528</height>
		<depth>3</depth>
	</size>
	<object>
		<name>Pacha</name>
		<pose>Unspecified</pose>
		<truncated>Unspecified</truncated>
		<difficult>Unspecified</difficult>
		<bndbox>
			<xmin>312</xmin>
			<ymin>83</ymin>
			<xmax>501</xmax>
			<ymax>352</ymax>
		</bndbox>
	</object>
</annotation>