<annotation>
	<folder>kathakali-characters</folder>
	<filename>00044.jpg</filename>
	<path>/kathakali-characters/00044.jpg</path>
	<source>
		<database>Unspecified</database>
	</source>
	<size>
		<width>240</width>
		<height>320</height>
		<depth>3</depth>
	</size>
	<object>
		<name>Pacha</name>
		<pose>Unspecified</pose>
		<truncated>Unspecified</truncated>
		<difficult>Unspecified</difficult>
		<bndbox>
			<xmin>54</xmin>
			<ymin>120</ymin>
			<xmax>198</xmax>
			<ymax>240</ymax>
		</bndbox>
	</object>
</annotation>