<annotation>
	<folder>kathakali-characters</folder>
	<filename>00057.jpg</filename>
	<path>/kathakali-characters/00057.jpg</path>
	<source>
		<database>Unspecified</database>
	</source>
	<size>
		<width>450</width>
		<height>304</height>
		<depth>3</depth>
	</size>
	<object>
		<name>Kathi</name>
		<pose>Unspecified</pose>
		<truncated>Unspecified</truncated>
		<difficult>Unspecified</difficult>
		<bndbox>
			<xmin>202</xmin>
			<ymin>125</ymin>
			<xmax>225</xmax>
			<ymax>144</ymax>
		</bndbox>
	</object>
</annotation>