<annotation>
	<folder>kathakali-characters</folder>
	<filename>00051.jpg</filename>
	<path>/kathakali-characters/00051.jpg</path>
	<source>
		<database>Unspecified</database>
	</source>
	<size>
		<width>500</width>
		<height>449</height>
		<depth>3</depth>
	</size>
	<object>
		<name>Pacha</name>
		<pose>Unspecified</pose>
		<truncated>Unspecified</truncated>
		<difficult>Unspecified</difficult>
		<bndbox>
			<xmin>155</xmin>
			<ymin>69</ymin>
			<xmax>436</xmax>
			<ymax>315</ymax>
		</bndbox>
	</object>
</annotation>