<annotation>
	<folder>kathakali-characters</folder>
	<filename>00054.jpg</filename>
	<path>/kathakali-characters/00054.jpg</path>
	<source>
		<database>Unspecified</database>
	</source>
	<size>
		<width>600</width>
		<height>800</height>
		<depth>3</depth>
	</size>
	<object>
		<name>Pacha</name>
		<pose>Unspecified</pose>
		<truncated>Unspecified</truncated>
		<difficult>Unspecified</difficult>
		<bndbox>
			<xmin>129</xmin>
			<ymin>328</ymin>
			<xmax>190</xmax>
			<ymax>381</ymax>
		</bndbox>
	</object>
</annotation>