<annotation>
	<folder>kathakali-characters</folder>
	<filename>00055.jpg</filename>
	<path>/kathakali-characters/00055.jpg</path>
	<source>
		<database>Unspecified</database>
	</source>
	<size>
		<width>1200</width>
		<height>630</height>
		<depth>3</depth>
	</size>
	<object>
		<name>Pacha</name>
		<pose>Unspecified</pose>
		<truncated>Unspecified</truncated>
		<difficult>Unspecified</difficult>
		<bndbox>
			<xmin>792</xmin>
			<ymin>43</ymin>
			<xmax>981</xmax>
			<ymax>199</ymax>
		</bndbox>
	</object>
</annotation>