<annotation>
	<folder>kathakali-characters</folder>
	<filename>00058.jpg</filename>
	<path>/kathakali-characters/00058.jpg</path>
	<source>
		<database>Unspecified</database>
	</source>
	<size>
		<width>537</width>
		<height>477</height>
		<depth>3</depth>
	</size>
	<object>
		<name>Pacha</name>
		<pose>Unspecified</pose>
		<truncated>Unspecified</truncated>
		<difficult>Unspecified</difficult>
		<bndbox>
			<xmin>231</xmin>
			<ymin>115</ymin>
			<xmax>308</xmax>
			<ymax>165</ymax>
		</bndbox>
	</object>
</annotation>