<annotation>
	<folder>kathakali-characters</folder>
	<filename>00053.jpg</filename>
	<path>/kathakali-characters/00053.jpg</path>
	<source>
		<database>Unspecified</database>
	</source>
	<size>
		<width>201</width>
		<height>274</height>
		<depth>3</depth>
	</size>
	<object>
		<name>Pacha</name>
		<pose>Unspecified</pose>
		<truncated>Unspecified</truncated>
		<difficult>Unspecified</difficult>
		<bndbox>
			<xmin>52</xmin>
			<ymin>139</ymin>
			<xmax>143</xmax>
			<ymax>201</ymax>
		</bndbox>
	</object>
</annotation>