<annotation>
	<folder>kathakali-characters</folder>
	<filename>00056.jpg</filename>
	<path>/kathakali-characters/00056.jpg</path>
	<source>
		<database>Unspecified</database>
	</source>
	<size>
		<width>972</width>
		<height>1200</height>
		<depth>3</depth>
	</size>
	<object>
		<name>Pacha</name>
		<pose>Unspecified</pose>
		<truncated>Unspecified</truncated>
		<difficult>Unspecified</difficult>
		<bndbox>
			<xmin>438</xmin>
			<ymin>208</ymin>
			<xmax>562</xmax>
			<ymax>304</ymax>
		</bndbox>
	</object>
</annotation>