<annotation>
	<folder>kathakali-characters</folder>
	<filename>00052.jpg</filename>
	<path>/kathakali-characters/00052.jpg</path>
	<source>
		<database>Unspecified</database>
	</source>
	<size>
		<width>800</width>
		<height>1200</height>
		<depth>3</depth>
	</size>
	<object>
		<name>Pacha</name>
		<pose>Unspecified</pose>
		<truncated>Unspecified</truncated>
		<difficult>Unspecified</difficult>
		<bndbox>
			<xmin>302</xmin>
			<ymin>404</ymin>
			<xmax>509</xmax>
			<ymax>571</ymax>
		</bndbox>
	</object>
</annotation>