<annotation>
	<folder>kathakali-characters</folder>
	<filename>00068.jpg</filename>
	<path>/kathakali-characters/00068.jpg</path>
	<source>
		<database>Unspecified</database>
	</source>
	<size>
		<width>700</width>
		<height>410</height>
		<depth>3</depth>
	</size>
	<object>
		<name>Pacha</name>
		<pose>Unspecified</pose>
		<truncated>Unspecified</truncated>
		<difficult>Unspecified</difficult>
		<bndbox>
			<xmin>261</xmin>
			<ymin>102</ymin>
			<xmax>318</xmax>
			<ymax>147</ymax>
		</bndbox>
	</object>
</annotation>