<annotation>
	<folder>kathakali-characters</folder>
	<filename>00067.jpg</filename>
	<path>/kathakali-characters/00067.jpg</path>
	<source>
		<database>Unspecified</database>
	</source>
	<size>
		<width>402</width>
		<height>600</height>
		<depth>3</depth>
	</size>
	<object>
		<name>Pacha</name>
		<pose>Unspecified</pose>
		<truncated>Unspecified</truncated>
		<difficult>Unspecified</difficult>
		<bndbox>
			<xmin>117</xmin>
			<ymin>265</ymin>
			<xmax>267</xmax>
			<ymax>366</ymax>
		</bndbox>
	</object>
</annotation>