<annotation>
	<folder>kathakali-characters</folder>
	<filename>00069.jpg</filename>
	<path>/kathakali-characters/00069.jpg</path>
	<source>
		<database>Unspecified</database>
	</source>
	<size>
		<width>275</width>
		<height>320</height>
		<depth>3</depth>
	</size>
	<object>
		<name>Pacha</name>
		<pose>Unspecified</pose>
		<truncated>Unspecified</truncated>
		<difficult>Unspecified</difficult>
		<bndbox>
			<xmin>105</xmin>
			<ymin>70</ymin>
			<xmax>165</xmax>
			<ymax>112</ymax>
		</bndbox>
	</object>
</annotation>