<annotation>
	<folder>kathakali-characters</folder>
	<filename>00066.jpg</filename>
	<path>/kathakali-characters/00066.jpg</path>
	<source>
		<database>Unspecified</database>
	</source>
	<size>
		<width>957</width>
		<height>1300</height>
		<depth>3</depth>
	</size>
	<object>
		<name>Pacha</name>
		<pose>Unspecified</pose>
		<truncated>Unspecified</truncated>
		<difficult>Unspecified</difficult>
		<bndbox>
			<xmin>362</xmin>
			<ymin>383</ymin>
			<xmax>535</xmax>
			<ymax>496</ymax>
		</bndbox>
	</object>
</annotation>