<annotation>
	<folder>kathakali-characters</folder>
	<filename>00061.jpg</filename>
	<path>/kathakali-characters/00061.jpg</path>
	<source>
		<database>Unspecified</database>
	</source>
	<size>
		<width>640</width>
		<height>427</height>
		<depth>3</depth>
	</size>
	<object>
		<name>Pacha</name>
		<pose>Unspecified</pose>
		<truncated>Unspecified</truncated>
		<difficult>Unspecified</difficult>
		<bndbox>
			<xmin>105</xmin>
			<ymin>302</ymin>
			<xmax>125</xmax>
			<ymax>337</ymax>
		</bndbox>
	</object>
	<object>
		<name>Kathi</name>
		<pose>Unspecified</pose>
		<truncated>Unspecified</truncated>
		<difficult>Unspecified</difficult>
		<bndbox>
			<xmin>221</xmin>
			<ymin>171</ymin>
			<xmax>277</xmax>
			<ymax>201</ymax>
		</bndbox>
	</object>
</annotation>