<annotation>
	<folder>kathakali-characters</folder>
	<filename>00075.jpg</filename>
	<path>/kathakali-characters/00075.jpg</path>
	<source>
		<database>Unspecified</database>
	</source>
	<size>
		<width>640</width>
		<height>427</height>
		<depth>3</depth>
	</size>
	<object>
		<name>Pacha</name>
		<pose>Unspecified</pose>
		<truncated>Unspecified</truncated>
		<difficult>Unspecified</difficult>
		<bndbox>
			<xmin>241</xmin>
			<ymin>178</ymin>
			<xmax>353</xmax>
			<ymax>254</ymax>
		</bndbox>
	</object>
</annotation>