<annotation>
	<folder>kathakali-characters</folder>
	<filename>00071.jpg</filename>
	<path>/kathakali-characters/00071.jpg</path>
	<source>
		<database>Unspecified</database>
	</source>
	<size>
		<width>1024</width>
		<height>1300</height>
		<depth>3</depth>
	</size>
	<object>
		<name>Pacha</name>
		<pose>Unspecified</pose>
		<truncated>Unspecified</truncated>
		<difficult>Unspecified</difficult>
		<bndbox>
			<xmin>363</xmin>
			<ymin>456</ymin>
			<xmax>550</xmax>
			<ymax>602</ymax>
		</bndbox>
	</object>
</annotation>