<annotation>
	<folder>kathakali-characters</folder>
	<filename>00078.jpg</filename>
	<path>/kathakali-characters/00078.jpg</path>
	<source>
		<database>Unspecified</database>
	</source>
	<size>
		<width>500</width>
		<height>375</height>
		<depth>3</depth>
	</size>
	<object>
		<name>Pacha</name>
		<pose>Unspecified</pose>
		<truncated>Unspecified</truncated>
		<difficult>Unspecified</difficult>
		<bndbox>
			<xmin>193</xmin>
			<ymin>86</ymin>
			<xmax>229</xmax>
			<ymax>114</ymax>
		</bndbox>
	</object>
</annotation>