<annotation>
	<folder>kathakali-characters</folder>
	<filename>00079.jpg</filename>
	<path>/kathakali-characters/00079.jpg</path>
	<source>
		<database>Unspecified</database>
	</source>
	<size>
		<width>400</width>
		<height>400</height>
		<depth>3</depth>
	</size>
	<object>
		<name>Pacha</name>
		<pose>Unspecified</pose>
		<truncated>Unspecified</truncated>
		<difficult>Unspecified</difficult>
		<bndbox>
			<xmin>240</xmin>
			<ymin>157</ymin>
			<xmax>324</xmax>
			<ymax>223</ymax>
		</bndbox>
	</object>
</annotation>