<annotation>
	<folder>kathakali-characters</folder>
	<filename>00070.jpg</filename>
	<path>/kathakali-characters/00070.jpg</path>
	<source>
		<database>Unspecified</database>
	</source>
	<size>
		<width>1024</width>
		<height>687</height>
		<depth>3</depth>
	</size>
	<object>
		<name>Pacha</name>
		<pose>Unspecified</pose>
		<truncated>Unspecified</truncated>
		<difficult>Unspecified</difficult>
		<bndbox>
			<xmin>184</xmin>
			<ymin>270</ymin>
			<xmax>265</xmax>
			<ymax>382</ymax>
		</bndbox>
	</object>
</annotation>