<annotation>
	<folder>kathakali-characters</folder>
	<filename>00076.jpg</filename>
	<path>/kathakali-characters/00076.jpg</path>
	<source>
		<database>Unspecified</database>
	</source>
	<size>
		<width>550</width>
		<height>550</height>
		<depth>3</depth>
	</size>
	<object>
		<name>Pacha</name>
		<pose>Unspecified</pose>
		<truncated>Unspecified</truncated>
		<difficult>Unspecified</difficult>
		<bndbox>
			<xmin>248</xmin>
			<ymin>83</ymin>
			<xmax>316</xmax>
			<ymax>131</ymax>
		</bndbox>
	</object>
</annotation>