<annotation>
	<folder>kathakali-characters</folder>
	<filename>00088.jpg</filename>
	<path>/kathakali-characters/00088.jpg</path>
	<source>
		<database>Unspecified</database>
	</source>
	<size>
		<width>600</width>
		<height>338</height>
		<depth>3</depth>
	</size>
	<object>
		<name>Pacha</name>
		<pose>Unspecified</pose>
		<truncated>Unspecified</truncated>
		<difficult>Unspecified</difficult>
		<bndbox>
			<xmin>225</xmin>
			<ymin>167</ymin>
			<xmax>375</xmax>
			<ymax>266</ymax>
		</bndbox>
	</object>
</annotation>