<annotation>
	<folder>kathakali-characters</folder>
	<filename>00085.jpg</filename>
	<path>/kathakali-characters/00085.jpg</path>
	<source>
		<database>Unspecified</database>
	</source>
	<size>
		<width>400</width>
		<height>266</height>
		<depth>3</depth>
	</size>
	<object>
		<name>Pacha</name>
		<pose>Unspecified</pose>
		<truncated>Unspecified</truncated>
		<difficult>Unspecified</difficult>
		<bndbox>
			<xmin>101</xmin>
			<ymin>58</ymin>
			<xmax>139</xmax>
			<ymax>86</ymax>
		</bndbox>
	</object>
	<object>
		<name>Pacha</name>
		<pose>Unspecified</pose>
		<truncated>Unspecified</truncated>
		<difficult>Unspecified</difficult>
		<bndbox>
			<xmin>306</xmin>
			<ymin>71</ymin>
			<xmax>338</xmax>
			<ymax>94</ymax>
		</bndbox>
	</object>
</annotation>