<annotation>
	<folder>kathakali-characters</folder>
	<filename>00087.jpg</filename>
	<path>/kathakali-characters/00087.jpg</path>
	<source>
		<database>Unspecified</database>
	</source>
	<size>
		<width>1024</width>
		<height>683</height>
		<depth>3</depth>
	</size>
	<object>
		<name>Pacha</name>
		<pose>Unspecified</pose>
		<truncated>Unspecified</truncated>
		<difficult>Unspecified</difficult>
		<bndbox>
			<xmin>129</xmin>
			<ymin>297</ymin>
			<xmax>322</xmax>
			<ymax>422</ymax>
		</bndbox>
	</object>
</annotation>