<annotation>
	<folder>kathakali-characters</folder>
	<filename>00082.jpg</filename>
	<path>/kathakali-characters/00082.jpg</path>
	<source>
		<database>Unspecified</database>
	</source>
	<size>
		<width>425</width>
		<height>599</height>
		<depth>3</depth>
	</size>
	<object>
		<name>Pacha</name>
		<pose>Unspecified</pose>
		<truncated>Unspecified</truncated>
		<difficult>Unspecified</difficult>
		<bndbox>
			<xmin>112</xmin>
			<ymin>208</ymin>
			<xmax>305</xmax>
			<ymax>358</ymax>
		</bndbox>
	</object>
</annotation>