<annotation>
	<folder>kathakali-characters</folder>
	<filename>00083.jpg</filename>
	<path>/kathakali-characters/00083.jpg</path>
	<source>
		<database>Unspecified</database>
	</source>
	<size>
		<width>640</width>
		<height>489</height>
		<depth>3</depth>
	</size>
	<object>
		<name>Pacha</name>
		<pose>Unspecified</pose>
		<truncated>Unspecified</truncated>
		<difficult>Unspecified</difficult>
		<bndbox>
			<xmin>41</xmin>
			<ymin>114</ymin>
			<xmax>594</xmax>
			<ymax>440</ymax>
		</bndbox>
	</object>
</annotation>