<annotation>
	<folder>kathakali-characters</folder>
	<filename>00086.jpg</filename>
	<path>/kathakali-characters/00086.jpg</path>
	<source>
		<database>Unspecified</database>
	</source>
	<size>
		<width>600</width>
		<height>300</height>
		<depth>3</depth>
	</size>
	<object>
		<name>Pacha</name>
		<pose>Unspecified</pose>
		<truncated>Unspecified</truncated>
		<difficult>Unspecified</difficult>
		<bndbox>
			<xmin>324</xmin>
			<ymin>98</ymin>
			<xmax>460</xmax>
			<ymax>191</ymax>
		</bndbox>
	</object>
</annotation>