<annotation>
	<folder>kathakali-characters</folder>
	<filename>00099.jpg</filename>
	<path>/kathakali-characters/00099.jpg</path>
	<source>
		<database>Unspecified</database>
	</source>
	<size>
		<width>474</width>
		<height>618</height>
		<depth>3</depth>
	</size>
	<object>
		<name>Pacha</name>
		<pose>Unspecified</pose>
		<truncated>Unspecified</truncated>
		<difficult>Unspecified</difficult>
		<bndbox>
			<xmin>189</xmin>
			<ymin>138</ymin>
			<xmax>276</xmax>
			<ymax>201</ymax>
		</bndbox>
	</object>
</annotation>