<annotation>
	<folder>kathakali-characters</folder>
	<filename>00098.jpg</filename>
	<path>/kathakali-characters/00098.jpg</path>
	<source>
		<database>Unspecified</database>
	</source>
	<size>
		<width>474</width>
		<height>315</height>
		<depth>3</depth>
	</size>
	<object>
		<name>Pacha</name>
		<pose>Unspecified</pose>
		<truncated>Unspecified</truncated>
		<difficult>Unspecified</difficult>
		<bndbox>
			<xmin>244</xmin>
			<ymin>136</ymin>
			<xmax>406</xmax>
			<ymax>257</ymax>
		</bndbox>
	</object>
</annotation>