<annotation>
	<folder>kathakali-characters</folder>
	<filename>00094.jpg</filename>
	<path>/kathakali-characters/00094.jpg</path>
	<source>
		<database>Unspecified</database>
	</source>
	<size>
		<width>214</width>
		<height>320</height>
		<depth>3</depth>
	</size>
	<object>
		<name>Kathi</name>
		<pose>Unspecified</pose>
		<truncated>Unspecified</truncated>
		<difficult>Unspecified</difficult>
		<bndbox>
			<xmin>156</xmin>
			<ymin>147</ymin>
			<xmax>176</xmax>
			<ymax>172</ymax>
		</bndbox>
	</object>
</annotation>