<annotation>
	<folder>kathakali-characters</folder>
	<filename>00092.jpg</filename>
	<path>/kathakali-characters/00092.jpg</path>
	<source>
		<database>Unspecified</database>
	</source>
	<size>
		<width>800</width>
		<height>630</height>
		<depth>3</depth>
	</size>
	<object>
		<name>Pacha</name>
		<pose>Unspecified</pose>
		<truncated>Unspecified</truncated>
		<difficult>Unspecified</difficult>
		<bndbox>
			<xmin>484</xmin>
			<ymin>239</ymin>
			<xmax>647</xmax>
			<ymax>368</ymax>
		</bndbox>
	</object>
</annotation>