<annotation>
	<folder>kathakali-characters</folder>
	<filename>00095.jpg</filename>
	<path>/kathakali-characters/00095.jpg</path>
	<source>
		<database>Unspecified</database>
	</source>
	<size>
		<width>240</width>
		<height>160</height>
		<depth>3</depth>
	</size>
	<object>
		<name>Pacha</name>
		<pose>Unspecified</pose>
		<truncated>Unspecified</truncated>
		<difficult>Unspecified</difficult>
		<bndbox>
			<xmin>53</xmin>
			<ymin>43</ymin>
			<xmax>122</xmax>
			<ymax>94</ymax>
		</bndbox>
	</object>
</annotation>