<annotation>
	<folder>kathakali-characters</folder>
	<filename>00091.jpg</filename>
	<path>/kathakali-characters/00091.jpg</path>
	<source>
		<database>Unspecified</database>
	</source>
	<size>
		<width>266</width>
		<height>400</height>
		<depth>3</depth>
	</size>
	<object>
		<name>Pacha</name>
		<pose>Unspecified</pose>
		<truncated>Unspecified</truncated>
		<difficult>Unspecified</difficult>
		<bndbox>
			<xmin>167</xmin>
			<ymin>157</ymin>
			<xmax>222</xmax>
			<ymax>195</ymax>
		</bndbox>
	</object>
</annotation>