<annotation>
	<folder>kathakali-characters</folder>
	<filename>00096.jpg</filename>
	<path>/kathakali-characters/00096.jpg</path>
	<source>
		<database>Unspecified</database>
	</source>
	<size>
		<width>474</width>
		<height>715</height>
		<depth>3</depth>
	</size>
	<object>
		<name>Pacha</name>
		<pose>Unspecified</pose>
		<truncated>Unspecified</truncated>
		<difficult>Unspecified</difficult>
		<bndbox>
			<xmin>198</xmin>
			<ymin>200</ymin>
			<xmax>275</xmax>
			<ymax>254</ymax>
		</bndbox>
	</object>
</annotation>