<annotation>
	<folder>kathakali-characters</folder>
	<filename>00107.jpg</filename>
	<path>/kathakali-characters/00107.jpg</path>
	<source>
		<database>Unspecified</database>
	</source>
	<size>
		<width>474</width>
		<height>502</height>
		<depth>3</depth>
	</size>
	<object>
		<name>Pacha</name>
		<pose>Unspecified</pose>
		<truncated>Unspecified</truncated>
		<difficult>Unspecified</difficult>
		<bndbox>
			<xmin>293</xmin>
			<ymin>108</ymin>
			<xmax>357</xmax>
			<ymax>156</ymax>
		</bndbox>
	</object>
	<object>
		<name>Pacha</name>
		<pose>Unspecified</pose>
		<truncated>Unspecified</truncated>
		<difficult>Unspecified</difficult>
		<bndbox>
			<xmin>83</xmin>
			<ymin>105</ymin>
			<xmax>142</xmax>
			<ymax>147</ymax>
		</bndbox>
	</object>
</annotation>