<annotation>
	<folder>kathakali-characters</folder>
	<filename>00106.jpg</filename>
	<path>/kathakali-characters/00106.jpg</path>
	<source>
		<database>Unspecified</database>
	</source>
	<size>
		<width>474</width>
		<height>303</height>
		<depth>3</depth>
	</size>
	<object>
		<name>Pacha</name>
		<pose>Unspecified</pose>
		<truncated>Unspecified</truncated>
		<difficult>Unspecified</difficult>
		<bndbox>
			<xmin>410</xmin>
			<ymin>142</ymin>
			<xmax>459</xmax>
			<ymax>177</ymax>
		</bndbox>
	</object>
	<object>
		<name>Kathi</name>
		<pose>Unspecified</pose>
		<truncated>Unspecified</truncated>
		<difficult>Unspecified</difficult>
		<bndbox>
			<xmin>295</xmin>
			<ymin>158</ymin>
			<xmax>359</xmax>
			<ymax>202</ymax>
		</bndbox>
	</object>
</annotation>