<annotation>
	<folder>kathakali-characters</folder>
	<filename>00103.jpg</filename>
	<path>/kathakali-characters/00103.jpg</path>
	<source>
		<database>Unspecified</database>
	</source>
	<size>
		<width>474</width>
		<height>263</height>
		<depth>3</depth>
	</size>
	<object>
		<name>Pacha</name>
		<pose>Unspecified</pose>
		<truncated>Unspecified</truncated>
		<difficult>Unspecified</difficult>
		<bndbox>
			<xmin>211</xmin>
			<ymin>72</ymin>
			<xmax>257</xmax>
			<ymax>104</ymax>
		</bndbox>
	</object>
	<object>
		<name>Pacha</name>
		<pose>Unspecified</pose>
		<truncated>Unspecified</truncated>
		<difficult>Unspecified</difficult>
		<bndbox>
			<xmin>371</xmin>
			<ymin>31</ymin>
			<xmax>454</xmax>
			<ymax>92</ymax>
		</bndbox>
	</object>
	<object>
		<name>Pacha</name>
		<pose>Unspecified</pose>
		<truncated>Unspecified</truncated>
		<difficult>Unspecified</difficult>
		<bndbox>
			<xmin>24</xmin>
			<ymin>162</ymin>
			<xmax>36</xmax>
			<ymax>177</ymax>
		</bndbox>
	</object>
	<object>
		<name>Pacha</name>
		<pose>Unspecified</pose>
		<truncated>Unspecified</truncated>
		<difficult>Unspecified</difficult>
		<bndbox>
			<xmin>168</xmin>
			<ymin>162</ymin>
			<xmax>190</xmax>
			<ymax>178</ymax>
		</bndbox>
	</object>
	<object>
		<name>Pacha</name>
		<pose>Unspecified</pose>
		<truncated>Unspecified</truncated>
		<difficult>Unspecified</difficult>
		<bndbox>
			<xmin>337</xmin>
			<ymin>165</ymin>
			<xmax>357</xmax>
			<ymax>181</ymax>
		</bndbox>
	</object>
</annotation>