<annotation>
	<folder>kathakali-characters</folder>
	<filename>00104.jpg</filename>
	<path>/kathakali-characters/00104.jpg</path>
	<source>
		<database>Unspecified</database>
	</source>
	<size>
		<width>474</width>
		<height>355</height>
		<depth>3</depth>
	</size>
	<object>
		<name>Pacha</name>
		<pose>Unspecified</pose>
		<truncated>Unspecified</truncated>
		<difficult>Unspecified</difficult>
		<bndbox>
			<xmin>120</xmin>
			<ymin>109</ymin>
			<xmax>149</xmax>
			<ymax>133</ymax>
		</bndbox>
	</object>
</annotation>