<annotation>
	<folder>kathakali-characters</folder>
	<filename>00109.jpg</filename>
	<path>/kathakali-characters/00109.jpg</path>
	<source>
		<database>Unspecified</database>
	</source>
	<size>
		<width>558</width>
		<height>258</height>
		<depth>3</depth>
	</size>
	<object>
		<name>Pacha</name>
		<pose>Unspecified</pose>
		<truncated>Unspecified</truncated>
		<difficult>Unspecified</difficult>
		<bndbox>
			<xmin>197</xmin>
			<ymin>56</ymin>
			<xmax>244</xmax>
			<ymax>92</ymax>
		</bndbox>
	</object>
</annotation>