<annotation>
	<folder>kathakali-characters</folder>
	<filename>00102.jpg</filename>
	<path>/kathakali-characters/00102.jpg</path>
	<source>
		<database>Unspecified</database>
	</source>
	<size>
		<width>3504</width>
		<height>2332</height>
		<depth>3</depth>
	</size>
	<object>
		<name>Pacha</name>
		<pose>Unspecified</pose>
		<truncated>Unspecified</truncated>
		<difficult>Unspecified</difficult>
		<bndbox>
			<xmin>2583</xmin>
			<ymin>787</ymin>
			<xmax>3186</xmax>
			<ymax>1472</ymax>
		</bndbox>
	</object>
</annotation>