<annotation>
	<folder>kathakali-characters</folder>
	<filename>00115.jpg</filename>
	<path>/kathakali-characters/00115.jpg</path>
	<source>
		<database>Unspecified</database>
	</source>
	<size>
		<width>1300</width>
		<height>1312</height>
		<depth>3</depth>
	</size>
	<object>
		<name>Pacha</name>
		<pose>Unspecified</pose>
		<truncated>Unspecified</truncated>
		<difficult>Unspecified</difficult>
		<bndbox>
			<xmin>591</xmin>
			<ymin>474</ymin>
			<xmax>978</xmax>
			<ymax>725</ymax>
		</bndbox>
	</object>
</annotation>