<annotation>
	<folder>kathakali-characters</folder>
	<filename>00111.jpg</filename>
	<path>/kathakali-characters/00111.jpg</path>
	<source>
		<database>Unspecified</database>
	</source>
	<size>
		<width>474</width>
		<height>314</height>
		<depth>3</depth>
	</size>
	<object>
		<name>Pacha</name>
		<pose>Unspecified</pose>
		<truncated>Unspecified</truncated>
		<difficult>Unspecified</difficult>
		<bndbox>
			<xmin>119</xmin>
			<ymin>105</ymin>
			<xmax>171</xmax>
			<ymax>143</ymax>
		</bndbox>
	</object>
</annotation>