<annotation>
	<folder>kathakali-characters</folder>
	<filename>00116.jpg</filename>
	<path>/kathakali-characters/00116.jpg</path>
	<source>
		<database>Unspecified</database>
	</source>
	<size>
		<width>1067</width>
		<height>1689</height>
		<depth>3</depth>
	</size>
	<object>
		<name>Kathi</name>
		<pose>Unspecified</pose>
		<truncated>Unspecified</truncated>
		<difficult>Unspecified</difficult>
		<bndbox>
			<xmin>403</xmin>
			<ymin>520</ymin>
			<xmax>635</xmax>
			<ymax>673</ymax>
		</bndbox>
	</object>
</annotation>