<annotation>
	<folder>kathakali-characters</folder>
	<filename>00113.jpg</filename>
	<path>/kathakali-characters/00113.jpg</path>
	<source>
		<database>Unspecified</database>
	</source>
	<size>
		<width>1067</width>
		<height>1689</height>
		<depth>3</depth>
	</size>
	<object>
		<name>Pacha</name>
		<pose>Unspecified</pose>
		<truncated>Unspecified</truncated>
		<difficult>Unspecified</difficult>
		<bndbox>
			<xmin>163</xmin>
			<ymin>749</ymin>
			<xmax>945</xmax>
			<ymax>1291</ymax>
		</bndbox>
	</object>
</annotation>