<annotation>
	<folder>kathakali-characters</folder>
	<filename>00112.jpg</filename>
	<path>/kathakali-characters/00112.jpg</path>
	<source>
		<database>Unspecified</database>
	</source>
	<size>
		<width>332</width>
		<height>499</height>
		<depth>3</depth>
	</size>
	<object>
		<name>Kathi</name>
		<pose>Unspecified</pose>
		<truncated>Unspecified</truncated>
		<difficult>Unspecified</difficult>
		<bndbox>
			<xmin>106</xmin>
			<ymin>137</ymin>
			<xmax>171</xmax>
			<ymax>216</ymax>
		</bndbox>
	</object>
</annotation>