<annotation>
	<folder>kathakali-characters</folder>
	<filename>00117.jpg</filename>
	<path>/kathakali-characters/00117.jpg</path>
	<source>
		<database>Unspecified</database>
	</source>
	<size>
		<width>1300</width>
		<height>945</height>
		<depth>3</depth>
	</size>
	<object>
		<name>Pacha</name>
		<pose>Unspecified</pose>
		<truncated>Unspecified</truncated>
		<difficult>Unspecified</difficult>
		<bndbox>
			<xmin>390</xmin>
			<ymin>213</ymin>
			<xmax>492</xmax>
			<ymax>301</ymax>
		</bndbox>
	</object>
</annotation>