<annotation>
	<folder>kathakali-characters</folder>
	<filename>00110.jpg</filename>
	<path>/kathakali-characters/00110.jpg</path>
	<source>
		<database>Unspecified</database>
	</source>
	<size>
		<width>270</width>
		<height>180</height>
		<depth>3</depth>
	</size>
	<object>
		<name>Pacha</name>
		<pose>Unspecified</pose>
		<truncated>Unspecified</truncated>
		<difficult>Unspecified</difficult>
		<bndbox>
			<xmin>128</xmin>
			<ymin>44</ymin>
			<xmax>165</xmax>
			<ymax>70</ymax>
		</bndbox>
	</object>
</annotation>