<annotation>
	<folder>kathakali-characters</folder>
	<filename>00114.jpg</filename>
	<path>/kathakali-characters/00114.jpg</path>
	<source>
		<database>Unspecified</database>
	</source>
	<size>
		<width>1047</width>
		<height>1689</height>
		<depth>3</depth>
	</size>
	<object>
		<name>Pacha</name>
		<pose>Unspecified</pose>
		<truncated>Unspecified</truncated>
		<difficult>Unspecified</difficult>
		<bndbox>
			<xmin>271</xmin>
			<ymin>614</ymin>
			<xmax>734</xmax>
			<ymax>955</ymax>
		</bndbox>
	</object>
</annotation>