<annotation>
	<folder>kathakali-characters</folder>
	<filename>00124.jpg</filename>
	<path>/kathakali-characters/00124.jpg</path>
	<source>
		<database>Unspecified</database>
	</source>
	<size>
		<width>1300</width>
		<height>960</height>
		<depth>3</depth>
	</size>
	<object>
		<name>Pacha</name>
		<pose>Unspecified</pose>
		<truncated>Unspecified</truncated>
		<difficult>Unspecified</difficult>
		<bndbox>
			<xmin>519</xmin>
			<ymin>437</ymin>
			<xmax>757</xmax>
			<ymax>604</ymax>
		</bndbox>
	</object>
</annotation>