<annotation>
	<folder>kathakali-characters</folder>
	<filename>00121.jpg</filename>
	<path>/kathakali-characters/00121.jpg</path>
	<source>
		<database>Unspecified</database>
	</source>
	<size>
		<width>1300</width>
		<height>957</height>
		<depth>3</depth>
	</size>
	<object>
		<name>Pacha</name>
		<pose>Unspecified</pose>
		<truncated>Unspecified</truncated>
		<difficult>Unspecified</difficult>
		<bndbox>
			<xmin>410</xmin>
			<ymin>350</ymin>
			<xmax>476</xmax>
			<ymax>468</ymax>
		</bndbox>
	</object>
</annotation>