<annotation>
	<folder>kathakali-characters</folder>
	<filename>00127.jpg</filename>
	<path>/kathakali-characters/00127.jpg</path>
	<source>
		<database>Unspecified</database>
	</source>
	<size>
		<width>939</width>
		<height>1300</height>
		<depth>3</depth>
	</size>
	<object>
		<name>Pacha</name>
		<pose>Unspecified</pose>
		<truncated>Unspecified</truncated>
		<difficult>Unspecified</difficult>
		<bndbox>
			<xmin>343</xmin>
			<ymin>294</ymin>
			<xmax>484</xmax>
			<ymax>395</ymax>
		</bndbox>
	</object>
</annotation>