<annotation>
	<folder>kathakali-characters</folder>
	<filename>00131.jpg</filename>
	<path>/kathakali-characters/00131.jpg</path>
	<source>
		<database>Unspecified</database>
	</source>
	<size>
		<width>1300</width>
		<height>894</height>
		<depth>3</depth>
	</size>
	<object>
		<name>Pacha</name>
		<pose>Unspecified</pose>
		<truncated>Unspecified</truncated>
		<difficult>Unspecified</difficult>
		<bndbox>
			<xmin>334</xmin>
			<ymin>323</ymin>
			<xmax>478</xmax>
			<ymax>422</ymax>
		</bndbox>
	</object>
</annotation>