<annotation>
	<folder>kathakali-characters</folder>
	<filename>00133.jpg</filename>
	<path>/kathakali-characters/00133.jpg</path>
	<source>
		<database>Unspecified</database>
	</source>
	<size>
		<width>945</width>
		<height>1300</height>
		<depth>3</depth>
	</size>
	<object>
		<name>Pacha</name>
		<pose>Unspecified</pose>
		<truncated>Unspecified</truncated>
		<difficult>Unspecified</difficult>
		<bndbox>
			<xmin>325</xmin>
			<ymin>392</ymin>
			<xmax>561</xmax>
			<ymax>545</ymax>
		</bndbox>
	</object>
</annotation>