<annotation>
	<folder>kathakali-characters</folder>
	<filename>00137.jpg</filename>
	<path>/kathakali-characters/00137.jpg</path>
	<source>
		<database>Unspecified</database>
	</source>
	<size>
		<width>1300</width>
		<height>956</height>
		<depth>3</depth>
	</size>
	<object>
		<name>Pacha</name>
		<pose>Unspecified</pose>
		<truncated>Unspecified</truncated>
		<difficult>Unspecified</difficult>
		<bndbox>
			<xmin>381</xmin>
			<ymin>296</ymin>
			<xmax>528</xmax>
			<ymax>412</ymax>
		</bndbox>
	</object>
</annotation>