<annotation>
	<folder>kathakali-characters</folder>
	<filename>00148.jpg</filename>
	<path>/kathakali-characters/00148.jpg</path>
	<source>
		<database>Unspecified</database>
	</source>
	<size>
		<width>1300</width>
		<height>958</height>
		<depth>3</depth>
	</size>
	<object>
		<name>Pacha</name>
		<pose>Unspecified</pose>
		<truncated>Unspecified</truncated>
		<difficult>Unspecified</difficult>
		<bndbox>
			<xmin>544</xmin>
			<ymin>354</ymin>
			<xmax>766</xmax>
			<ymax>499</ymax>
		</bndbox>
	</object>
</annotation>