<annotation>
	<folder>kathakali-characters</folder>
	<filename>00143.jpg</filename>
	<path>/kathakali-characters/00143.jpg</path>
	<source>
		<database>Unspecified</database>
	</source>
	<size>
		<width>1300</width>
		<height>910</height>
		<depth>3</depth>
	</size>
	<object>
		<name>Pacha</name>
		<pose>Unspecified</pose>
		<truncated>Unspecified</truncated>
		<difficult>Unspecified</difficult>
		<bndbox>
			<xmin>825</xmin>
			<ymin>200</ymin>
			<xmax>921</xmax>
			<ymax>292</ymax>
		</bndbox>
	</object>
</annotation>