<annotation>
	<folder>kathakali-characters</folder>
	<filename>00144.jpg</filename>
	<path>/kathakali-characters/00144.jpg</path>
	<source>
		<database>Unspecified</database>
	</source>
	<size>
		<width>1300</width>
		<height>957</height>
		<depth>3</depth>
	</size>
	<object>
		<name>Pacha</name>
		<pose>Unspecified</pose>
		<truncated>Unspecified</truncated>
		<difficult>Unspecified</difficult>
		<bndbox>
			<xmin>600</xmin>
			<ymin>228</ymin>
			<xmax>721</xmax>
			<ymax>314</ymax>
		</bndbox>
	</object>
</annotation>