<annotation>
	<folder>kathakali-characters</folder>
	<filename>00141.jpg</filename>
	<path>/kathakali-characters/00141.jpg</path>
	<source>
		<database>Unspecified</database>
	</source>
	<size>
		<width>1300</width>
		<height>957</height>
		<depth>3</depth>
	</size>
	<object>
		<name>Pacha</name>
		<pose>Unspecified</pose>
		<truncated>Unspecified</truncated>
		<difficult>Unspecified</difficult>
		<bndbox>
			<xmin>293</xmin>
			<ymin>349</ymin>
			<xmax>345</xmax>
			<ymax>441</ymax>
		</bndbox>
	</object>
	<object>
		<name>Kathi</name>
		<pose>Unspecified</pose>
		<truncated>Unspecified</truncated>
		<difficult>Unspecified</difficult>
		<bndbox>
			<xmin>560</xmin>
			<ymin>254</ymin>
			<xmax>623</xmax>
			<ymax>324</ymax>
		</bndbox>
	</object>
</annotation>