<annotation>
	<folder>kathakali-characters</folder>
	<filename>00147.jpg</filename>
	<path>/kathakali-characters/00147.jpg</path>
	<source>
		<database>Unspecified</database>
	</source>
	<size>
		<width>1300</width>
		<height>1040</height>
		<depth>3</depth>
	</size>
	<object>
		<name>Pacha</name>
		<pose>Unspecified</pose>
		<truncated>Unspecified</truncated>
		<difficult>Unspecified</difficult>
		<bndbox>
			<xmin>485</xmin>
			<ymin>371</ymin>
			<xmax>809</xmax>
			<ymax>583</ymax>
		</bndbox>
	</object>
</annotation>