<annotation>
	<folder>kathakali-characters</folder>
	<filename>00142.jpg</filename>
	<path>/kathakali-characters/00142.jpg</path>
	<source>
		<database>Unspecified</database>
	</source>
	<size>
		<width>1300</width>
		<height>957</height>
		<depth>3</depth>
	</size>
	<object>
		<name>Kathi</name>
		<pose>Unspecified</pose>
		<truncated>Unspecified</truncated>
		<difficult>Unspecified</difficult>
		<bndbox>
			<xmin>653</xmin>
			<ymin>266</ymin>
			<xmax>729</xmax>
			<ymax>328</ymax>
		</bndbox>
	</object>
	<object>
		<name>Pacha</name>
		<pose>Unspecified</pose>
		<truncated>Unspecified</truncated>
		<difficult>Unspecified</difficult>
		<bndbox>
			<xmin>347</xmin>
			<ymin>188</ymin>
			<xmax>405</xmax>
			<ymax>267</ymax>
		</bndbox>
	</object>
</annotation>