<annotation>
	<folder>kathakali-characters</folder>
	<filename>00140.jpg</filename>
	<path>/kathakali-characters/00140.jpg</path>
	<source>
		<database>Unspecified</database>
	</source>
	<size>
		<width>1300</width>
		<height>957</height>
		<depth>3</depth>
	</size>
	<object>
		<name>Pacha</name>
		<pose>Unspecified</pose>
		<truncated>Unspecified</truncated>
		<difficult>Unspecified</difficult>
		<bndbox>
			<xmin>375</xmin>
			<ymin>227</ymin>
			<xmax>425</xmax>
			<ymax>306</ymax>
		</bndbox>
	</object>
	<object>
		<name>Kathi</name>
		<pose>Unspecified</pose>
		<truncated>Unspecified</truncated>
		<difficult>Unspecified</difficult>
		<bndbox>
			<xmin>558</xmin>
			<ymin>253</ymin>
			<xmax>632</xmax>
			<ymax>322</ymax>
		</bndbox>
	</object>
</annotation>