<annotation>
	<folder>kathakali-characters</folder>
	<filename>00154.jpg</filename>
	<path>/kathakali-characters/00154.jpg</path>
	<source>
		<database>Unspecified</database>
	</source>
	<size>
		<width>1300</width>
		<height>957</height>
		<depth>3</depth>
	</size>
	<object>
		<name>Pacha</name>
		<pose>Unspecified</pose>
		<truncated>Unspecified</truncated>
		<difficult>Unspecified</difficult>
		<bndbox>
			<xmin>378</xmin>
			<ymin>619</ymin>
			<xmax>735</xmax>
			<ymax>827</ymax>
		</bndbox>
	</object>
</annotation>