<annotation>
	<folder>kathakali-characters</folder>
	<filename>00158.jpg</filename>
	<path>/kathakali-characters/00158.jpg</path>
	<source>
		<database>Unspecified</database>
	</source>
	<size>
		<width>1280</width>
		<height>1689</height>
		<depth>3</depth>
	</size>
	<object>
		<name>Pacha</name>
		<pose>Unspecified</pose>
		<truncated>Unspecified</truncated>
		<difficult>Unspecified</difficult>
		<bndbox>
			<xmin>473</xmin>
			<ymin>500</ymin>
			<xmax>724</xmax>
			<ymax>690</ymax>
		</bndbox>
	</object>
</annotation>