<annotation>
	<folder>kathakali-characters</folder>
	<filename>00156.jpg</filename>
	<path>/kathakali-characters/00156.jpg</path>
	<source>
		<database>Unspecified</database>
	</source>
	<size>
		<width>1063</width>
		<height>1689</height>
		<depth>3</depth>
	</size>
	<object>
		<name>Pacha</name>
		<pose>Unspecified</pose>
		<truncated>Unspecified</truncated>
		<difficult>Unspecified</difficult>
		<bndbox>
			<xmin>401</xmin>
			<ymin>719</ymin>
			<xmax>714</xmax>
			<ymax>955</ymax>
		</bndbox>
	</object>
</annotation>