<annotation>
	<folder>kathakali-characters</folder>
	<filename>00159.jpg</filename>
	<path>/kathakali-characters/00159.jpg</path>
	<source>
		<database>Unspecified</database>
	</source>
	<size>
		<width>1300</width>
		<height>953</height>
		<depth>3</depth>
	</size>
	<object>
		<name>Kathi</name>
		<pose>Unspecified</pose>
		<truncated>Unspecified</truncated>
		<difficult>Unspecified</difficult>
		<bndbox>
			<xmin>623</xmin>
			<ymin>211</ymin>
			<xmax>1282</xmax>
			<ymax>734</ymax>
		</bndbox>
	</object>
</annotation>