<annotation>
	<folder>kathakali-characters</folder>
	<filename>00155.jpg</filename>
	<path>/kathakali-characters/00155.jpg</path>
	<source>
		<database>Unspecified</database>
	</source>
	<size>
		<width>1036</width>
		<height>1300</height>
		<depth>3</depth>
	</size>
	<object>
		<name>Pacha</name>
		<pose>Unspecified</pose>
		<truncated>Unspecified</truncated>
		<difficult>Unspecified</difficult>
		<bndbox>
			<xmin>309</xmin>
			<ymin>338</ymin>
			<xmax>581</xmax>
			<ymax>506</ymax>
		</bndbox>
	</object>
</annotation>