<annotation>
	<folder>kathakali-characters</folder>
	<filename>00152.jpg</filename>
	<path>/kathakali-characters/00152.jpg</path>
	<source>
		<database>Unspecified</database>
	</source>
	<size>
		<width>1300</width>
		<height>954</height>
		<depth>3</depth>
	</size>
	<object>
		<name>Pacha</name>
		<pose>Unspecified</pose>
		<truncated>Unspecified</truncated>
		<difficult>Unspecified</difficult>
		<bndbox>
			<xmin>593</xmin>
			<ymin>304</ymin>
			<xmax>748</xmax>
			<ymax>411</ymax>
		</bndbox>
	</object>
</annotation>