<annotation>
	<folder>kathakali-characters</folder>
	<filename>00160.jpg</filename>
	<path>/kathakali-characters/00160.jpg</path>
	<source>
		<database>Unspecified</database>
	</source>
	<size>
		<width>957</width>
		<height>1300</height>
		<depth>3</depth>
	</size>
	<object>
		<name>Pacha</name>
		<pose>Unspecified</pose>
		<truncated>Unspecified</truncated>
		<difficult>Unspecified</difficult>
		<bndbox>
			<xmin>298</xmin>
			<ymin>370</ymin>
			<xmax>542</xmax>
			<ymax>531</ymax>
		</bndbox>
	</object>
</annotation>