<annotation>
	<folder>kathakali-characters</folder>
	<filename>00163.jpg</filename>
	<path>/kathakali-characters/00163.jpg</path>
	<source>
		<database>Unspecified</database>
	</source>
	<size>
		<width>602</width>
		<height>900</height>
		<depth>3</depth>
	</size>
	<object>
		<name>Pacha</name>
		<pose>Unspecified</pose>
		<truncated>Unspecified</truncated>
		<difficult>Unspecified</difficult>
		<bndbox>
			<xmin>245</xmin>
			<ymin>243</ymin>
			<xmax>389</xmax>
			<ymax>335</ymax>
		</bndbox>
	</object>
</annotation>