<annotation>
	<folder>kathakali-characters</folder>
	<filename>00161.jpg</filename>
	<path>/kathakali-characters/00161.jpg</path>
	<source>
		<database>Unspecified</database>
	</source>
	<size>
		<width>1600</width>
		<height>1156</height>
		<depth>3</depth>
	</size>
	<object>
		<name>Pacha</name>
		<pose>Unspecified</pose>
		<truncated>Unspecified</truncated>
		<difficult>Unspecified</difficult>
		<bndbox>
			<xmin>375</xmin>
			<ymin>289</ymin>
			<xmax>530</xmax>
			<ymax>396</ymax>
		</bndbox>
	</object>
</annotation>