<annotation>
	<folder>kathakali-characters</folder>
	<filename>00167.jpg</filename>
	<path>/kathakali-characters/00167.jpg</path>
	<source>
		<database>Unspecified</database>
	</source>
	<size>
		<width>800</width>
		<height>494</height>
		<depth>3</depth>
	</size>
	<object>
		<name>Pacha</name>
		<pose>Unspecified</pose>
		<truncated>Unspecified</truncated>
		<difficult>Unspecified</difficult>
		<bndbox>
			<xmin>204</xmin>
			<ymin>197</ymin>
			<xmax>296</xmax>
			<ymax>259</ymax>
		</bndbox>
	</object>
</annotation>