<annotation>
	<folder>kathakali-characters</folder>
	<filename>00166.jpg</filename>
	<path>/kathakali-characters/00166.jpg</path>
	<source>
		<database>Unspecified</database>
	</source>
	<size>
		<width>800</width>
		<height>533</height>
		<depth>3</depth>
	</size>
	<object>
		<name>Pacha</name>
		<pose>Unspecified</pose>
		<truncated>Unspecified</truncated>
		<difficult>Unspecified</difficult>
		<bndbox>
			<xmin>381</xmin>
			<ymin>146</ymin>
			<xmax>525</xmax>
			<ymax>255</ymax>
		</bndbox>
	</object>
</annotation>