<annotation>
	<folder>kathakali-characters</folder>
	<filename>00179.jpg</filename>
	<path>/kathakali-characters/00179.jpg</path>
	<source>
		<database>Unspecified</database>
	</source>
	<size>
		<width>800</width>
		<height>500</height>
		<depth>3</depth>
	</size>
	<object>
		<name>Pacha</name>
		<pose>Unspecified</pose>
		<truncated>Unspecified</truncated>
		<difficult>Unspecified</difficult>
		<bndbox>
			<xmin>199</xmin>
			<ymin>178</ymin>
			<xmax>275</xmax>
			<ymax>231</ymax>
		</bndbox>
	</object>
</annotation>