<annotation>
	<folder>kathakali-characters</folder>
	<filename>00176.jpg</filename>
	<path>/kathakali-characters/00176.jpg</path>
	<source>
		<database>Unspecified</database>
	</source>
	<size>
		<width>800</width>
		<height>533</height>
		<depth>3</depth>
	</size>
	<object>
		<name>Pacha</name>
		<pose>Unspecified</pose>
		<truncated>Unspecified</truncated>
		<difficult>Unspecified</difficult>
		<bndbox>
			<xmin>271</xmin>
			<ymin>165</ymin>
			<xmax>348</xmax>
			<ymax>228</ymax>
		</bndbox>
	</object>
</annotation>