<annotation>
	<folder>kathakali-characters</folder>
	<filename>00172.jpg</filename>
	<path>/kathakali-characters/00172.jpg</path>
	<source>
		<database>Unspecified</database>
	</source>
	<size>
		<width>800</width>
		<height>533</height>
		<depth>3</depth>
	</size>
	<object>
		<name>Pacha</name>
		<pose>Unspecified</pose>
		<truncated>Unspecified</truncated>
		<difficult>Unspecified</difficult>
		<bndbox>
			<xmin>199</xmin>
			<ymin>122</ymin>
			<xmax>527</xmax>
			<ymax>323</ymax>
		</bndbox>
	</object>
</annotation>