<annotation>
	<folder>kathakali-characters</folder>
	<filename>00170.jpg</filename>
	<path>/kathakali-characters/00170.jpg</path>
	<source>
		<database>Unspecified</database>
	</source>
	<size>
		<width>800</width>
		<height>641</height>
		<depth>3</depth>
	</size>
	<object>
		<name>Pacha</name>
		<pose>Unspecified</pose>
		<truncated>Unspecified</truncated>
		<difficult>Unspecified</difficult>
		<bndbox>
			<xmin>253</xmin>
			<ymin>177</ymin>
			<xmax>328</xmax>
			<ymax>245</ymax>
		</bndbox>
	</object>
</annotation>