<annotation>
	<folder>kathakali-characters</folder>
	<filename>00174.jpg</filename>
	<path>/kathakali-characters/00174.jpg</path>
	<source>
		<database>Unspecified</database>
	</source>
	<size>
		<width>600</width>
		<height>900</height>
		<depth>3</depth>
	</size>
	<object>
		<name>Kathi</name>
		<pose>Unspecified</pose>
		<truncated>Unspecified</truncated>
		<difficult>Unspecified</difficult>
		<bndbox>
			<xmin>183</xmin>
			<ymin>328</ymin>
			<xmax>412</xmax>
			<ymax>517</ymax>
		</bndbox>
	</object>
</annotation>