<annotation>
	<folder>kathakali-characters</folder>
	<filename>00182.jpg</filename>
	<path>/kathakali-characters/00182.jpg</path>
	<source>
		<database>Unspecified</database>
	</source>
	<size>
		<width>800</width>
		<height>533</height>
		<depth>3</depth>
	</size>
	<object>
		<name>Pacha</name>
		<pose>Unspecified</pose>
		<truncated>Unspecified</truncated>
		<difficult>Unspecified</difficult>
		<bndbox>
			<xmin>230</xmin>
			<ymin>137</ymin>
			<xmax>261</xmax>
			<ymax>188</ymax>
		</bndbox>
	</object>
	<object>
		<name>Kathi</name>
		<pose>Unspecified</pose>
		<truncated>Unspecified</truncated>
		<difficult>Unspecified</difficult>
		<bndbox>
			<xmin>343</xmin>
			<ymin>157</ymin>
			<xmax>389</xmax>
			<ymax>199</ymax>
		</bndbox>
	</object>
</annotation>