<annotation>
	<folder>kathakali-characters</folder>
	<filename>00183.jpg</filename>
	<path>/kathakali-characters/00183.jpg</path>
	<source>
		<database>Unspecified</database>
	</source>
	<size>
		<width>600</width>
		<height>900</height>
		<depth>3</depth>
	</size>
	<object>
		<name>Pacha</name>
		<pose>Unspecified</pose>
		<truncated>Unspecified</truncated>
		<difficult>Unspecified</difficult>
		<bndbox>
			<xmin>199</xmin>
			<ymin>444</ymin>
			<xmax>459</xmax>
			<ymax>629</ymax>
		</bndbox>
	</object>
</annotation>