<annotation>
	<folder>kathakali-characters</folder>
	<filename>00189.jpg</filename>
	<path>/kathakali-characters/00189.jpg</path>
	<source>
		<database>Unspecified</database>
	</source>
	<size>
		<width>600</width>
		<height>900</height>
		<depth>3</depth>
	</size>
	<object>
		<name>Pacha</name>
		<pose>Unspecified</pose>
		<truncated>Unspecified</truncated>
		<difficult>Unspecified</difficult>
		<bndbox>
			<xmin>181</xmin>
			<ymin>342</ymin>
			<xmax>404</xmax>
			<ymax>483</ymax>
		</bndbox>
	</object>
</annotation>