<annotation>
	<folder>kathakali-characters</folder>
	<filename>00198.jpg</filename>
	<path>/kathakali-characters/00198.jpg</path>
	<source>
		<database>Unspecified</database>
	</source>
	<size>
		<width>800</width>
		<height>533</height>
		<depth>3</depth>
	</size>
	<object>
		<name>Pacha</name>
		<pose>Unspecified</pose>
		<truncated>Unspecified</truncated>
		<difficult>Unspecified</difficult>
		<bndbox>
			<xmin>370</xmin>
			<ymin>141</ymin>
			<xmax>444</xmax>
			<ymax>193</ymax>
		</bndbox>
	</object>
</annotation>