<annotation>
	<folder>kathakali-characters</folder>
	<filename>00199.jpg</filename>
	<path>/kathakali-characters/00199.jpg</path>
	<source>
		<database>Unspecified</database>
	</source>
	<size>
		<width>800</width>
		<height>533</height>
		<depth>3</depth>
	</size>
	<object>
		<name>Pacha</name>
		<pose>Unspecified</pose>
		<truncated>Unspecified</truncated>
		<difficult>Unspecified</difficult>
		<bndbox>
			<xmin>180</xmin>
			<ymin>216</ymin>
			<xmax>214</xmax>
			<ymax>271</ymax>
		</bndbox>
	</object>
	<object>
		<name>Kathi</name>
		<pose>Unspecified</pose>
		<truncated>Unspecified</truncated>
		<difficult>Unspecified</difficult>
		<bndbox>
			<xmin>345</xmin>
			<ymin>156</ymin>
			<xmax>384</xmax>
			<ymax>199</ymax>
		</bndbox>
	</object>
</annotation>