<annotation>
	<folder>kathakali-characters</folder>
	<filename>00190.jpg</filename>
	<path>/kathakali-characters/00190.jpg</path>
	<source>
		<database>Unspecified</database>
	</source>
	<size>
		<width>601</width>
		<height>900</height>
		<depth>3</depth>
	</size>
	<object>
		<name>Pacha</name>
		<pose>Unspecified</pose>
		<truncated>Unspecified</truncated>
		<difficult>Unspecified</difficult>
		<bndbox>
			<xmin>258</xmin>
			<ymin>184</ymin>
			<xmax>360</xmax>
			<ymax>255</ymax>
		</bndbox>
	</object>
</annotation>