<annotation>
	<folder>kathakali-characters</folder>
	<filename>00194.jpg</filename>
	<path>/kathakali-characters/00194.jpg</path>
	<source>
		<database>Unspecified</database>
	</source>
	<size>
		<width>800</width>
		<height>709</height>
		<depth>3</depth>
	</size>
	<object>
		<name>Pacha</name>
		<pose>Unspecified</pose>
		<truncated>Unspecified</truncated>
		<difficult>Unspecified</difficult>
		<bndbox>
			<xmin>317</xmin>
			<ymin>210</ymin>
			<xmax>431</xmax>
			<ymax>294</ymax>
		</bndbox>
	</object>
</annotation>