<annotation>
	<folder>kathakali-characters</folder>
	<filename>00191.jpg</filename>
	<path>/kathakali-characters/00191.jpg</path>
	<source>
		<database>Unspecified</database>
	</source>
	<size>
		<width>614</width>
		<height>900</height>
		<depth>3</depth>
	</size>
	<object>
		<name>Pacha</name>
		<pose>Unspecified</pose>
		<truncated>Unspecified</truncated>
		<difficult>Unspecified</difficult>
		<bndbox>
			<xmin>241</xmin>
			<ymin>235</ymin>
			<xmax>387</xmax>
			<ymax>333</ymax>
		</bndbox>
	</object>
</annotation>