<annotation>
	<folder>kathakali-characters</folder>
	<filename>00192.jpg</filename>
	<path>/kathakali-characters/00192.jpg</path>
	<source>
		<database>Unspecified</database>
	</source>
	<size>
		<width>599</width>
		<height>900</height>
		<depth>3</depth>
	</size>
	<object>
		<name>Pacha</name>
		<pose>Unspecified</pose>
		<truncated>Unspecified</truncated>
		<difficult>Unspecified</difficult>
		<bndbox>
			<xmin>193</xmin>
			<ymin>236</ymin>
			<xmax>327</xmax>
			<ymax>321</ymax>
		</bndbox>
	</object>
</annotation>