<annotation>
	<folder>kathakali-characters</folder>
	<filename>00202.jpg</filename>
	<path>/kathakali-characters/00202.jpg</path>
	<source>
		<database>Unspecified</database>
	</source>
	<size>
		<width>800</width>
		<height>535</height>
		<depth>3</depth>
	</size>
	<object>
		<name>Pacha</name>
		<pose>Unspecified</pose>
		<truncated>Unspecified</truncated>
		<difficult>Unspecified</difficult>
		<bndbox>
			<xmin>210</xmin>
			<ymin>280</ymin>
			<xmax>362</xmax>
			<ymax>393</ymax>
		</bndbox>
	</object>
</annotation>