<annotation>
	<folder>kathakali-characters</folder>
	<filename>00204.jpg</filename>
	<path>/kathakali-characters/00204.jpg</path>
	<source>
		<database>Unspecified</database>
	</source>
	<size>
		<width>600</width>
		<height>900</height>
		<depth>3</depth>
	</size>
	<object>
		<name>Pacha</name>
		<pose>Unspecified</pose>
		<truncated>Unspecified</truncated>
		<difficult>Unspecified</difficult>
		<bndbox>
			<xmin>200</xmin>
			<ymin>317</ymin>
			<xmax>402</xmax>
			<ymax>454</ymax>
		</bndbox>
	</object>
</annotation>