<annotation>
	<folder>kathakali-characters</folder>
	<filename>00200.jpg</filename>
	<path>/kathakali-characters/00200.jpg</path>
	<source>
		<database>Unspecified</database>
	</source>
	<size>
		<width>600</width>
		<height>900</height>
		<depth>3</depth>
	</size>
	<object>
		<name>Pacha</name>
		<pose>Unspecified</pose>
		<truncated>Unspecified</truncated>
		<difficult>Unspecified</difficult>
		<bndbox>
			<xmin>212</xmin>
			<ymin>155</ymin>
			<xmax>369</xmax>
			<ymax>257</ymax>
		</bndbox>
	</object>
</annotation>