<annotation>
	<folder>kathakali-characters</folder>
	<filename>00208.jpg</filename>
	<path>/kathakali-characters/00208.jpg</path>
	<source>
		<database>Unspecified</database>
	</source>
	<size>
		<width>600</width>
		<height>900</height>
		<depth>3</depth>
	</size>
	<object>
		<name>Kathi</name>
		<pose>Unspecified</pose>
		<truncated>Unspecified</truncated>
		<difficult>Unspecified</difficult>
		<bndbox>
			<xmin>219</xmin>
			<ymin>300</ymin>
			<xmax>376</xmax>
			<ymax>403</ymax>
		</bndbox>
	</object>
</annotation>