<annotation>
	<folder>kathakali-characters</folder>
	<filename>00206.jpg</filename>
	<path>/kathakali-characters/00206.jpg</path>
	<source>
		<database>Unspecified</database>
	</source>
	<size>
		<width>734</width>
		<height>900</height>
		<depth>3</depth>
	</size>
	<object>
		<name>Pacha</name>
		<pose>Unspecified</pose>
		<truncated>Unspecified</truncated>
		<difficult>Unspecified</difficult>
		<bndbox>
			<xmin>288</xmin>
			<ymin>243</ymin>
			<xmax>421</xmax>
			<ymax>332</ymax>
		</bndbox>
	</object>
</annotation>