<annotation>
	<folder>kathakali-characters</folder>
	<filename>00203.jpg</filename>
	<path>/kathakali-characters/00203.jpg</path>
	<source>
		<database>Unspecified</database>
	</source>
	<size>
		<width>800</width>
		<height>535</height>
		<depth>3</depth>
	</size>
	<object>
		<name>Pacha</name>
		<pose>Unspecified</pose>
		<truncated>Unspecified</truncated>
		<difficult>Unspecified</difficult>
		<bndbox>
			<xmin>480</xmin>
			<ymin>182</ymin>
			<xmax>563</xmax>
			<ymax>264</ymax>
		</bndbox>
	</object>
</annotation>