<annotation>
	<folder>kathakali-characters</folder>
	<filename>00205.jpg</filename>
	<path>/kathakali-characters/00205.jpg</path>
	<source>
		<database>Unspecified</database>
	</source>
	<size>
		<width>656</width>
		<height>900</height>
		<depth>3</depth>
	</size>
	<object>
		<name>Pacha</name>
		<pose>Unspecified</pose>
		<truncated>Unspecified</truncated>
		<difficult>Unspecified</difficult>
		<bndbox>
			<xmin>234</xmin>
			<ymin>246</ymin>
			<xmax>391</xmax>
			<ymax>343</ymax>
		</bndbox>
	</object>
</annotation>