<annotation>
	<folder>kathakali-characters</folder>
	<filename>00210.jpg</filename>
	<path>/kathakali-characters/00210.jpg</path>
	<source>
		<database>Unspecified</database>
	</source>
	<size>
		<width>676</width>
		<height>900</height>
		<depth>3</depth>
	</size>
	<object>
		<name>Pacha</name>
		<pose>Unspecified</pose>
		<truncated>Unspecified</truncated>
		<difficult>Unspecified</difficult>
		<bndbox>
			<xmin>257</xmin>
			<ymin>356</ymin>
			<xmax>476</xmax>
			<ymax>502</ymax>
		</bndbox>
	</object>
</annotation>