<annotation>
	<folder>kathakali-characters</folder>
	<filename>00219.jpg</filename>
	<path>/kathakali-characters/00219.jpg</path>
	<source>
		<database>Unspecified</database>
	</source>
	<size>
		<width>663</width>
		<height>900</height>
		<depth>3</depth>
	</size>
	<object>
		<name>Pacha</name>
		<pose>Unspecified</pose>
		<truncated>Unspecified</truncated>
		<difficult>Unspecified</difficult>
		<bndbox>
			<xmin>254</xmin>
			<ymin>200</ymin>
			<xmax>428</xmax>
			<ymax>325</ymax>
		</bndbox>
	</object>
</annotation>