<annotation>
	<folder>kathakali-characters</folder>
	<filename>00214.jpg</filename>
	<path>/kathakali-characters/00214.jpg</path>
	<source>
		<database>Unspecified</database>
	</source>
	<size>
		<width>599</width>
		<height>900</height>
		<depth>3</depth>
	</size>
	<object>
		<name>Pacha</name>
		<pose>Unspecified</pose>
		<truncated>Unspecified</truncated>
		<difficult>Unspecified</difficult>
		<bndbox>
			<xmin>217</xmin>
			<ymin>306</ymin>
			<xmax>508</xmax>
			<ymax>524</ymax>
		</bndbox>
	</object>
</annotation>