<annotation>
	<folder>kathakali-characters</folder>
	<filename>00216.jpg</filename>
	<path>/kathakali-characters/00216.jpg</path>
	<source>
		<database>Unspecified</database>
	</source>
	<size>
		<width>800</width>
		<height>608</height>
		<depth>3</depth>
	</size>
	<object>
		<name>Pacha</name>
		<pose>Unspecified</pose>
		<truncated>Unspecified</truncated>
		<difficult>Unspecified</difficult>
		<bndbox>
			<xmin>291</xmin>
			<ymin>205</ymin>
			<xmax>399</xmax>
			<ymax>278</ymax>
		</bndbox>
	</object>
</annotation>