<annotation>
	<folder>kathakali-characters</folder>
	<filename>00213.jpg</filename>
	<path>/kathakali-characters/00213.jpg</path>
	<source>
		<database>Unspecified</database>
	</source>
	<size>
		<width>599</width>
		<height>900</height>
		<depth>3</depth>
	</size>
	<object>
		<name>Pacha</name>
		<pose>Unspecified</pose>
		<truncated>Unspecified</truncated>
		<difficult>Unspecified</difficult>
		<bndbox>
			<xmin>224</xmin>
			<ymin>456</ymin>
			<xmax>460</xmax>
			<ymax>629</ymax>
		</bndbox>
	</object>
</annotation>