<annotation>
	<folder>kathakali-characters</folder>
	<filename>00227.jpg</filename>
	<path>/kathakali-characters/00227.jpg</path>
	<source>
		<database>Unspecified</database>
	</source>
	<size>
		<width>800</width>
		<height>800</height>
		<depth>3</depth>
	</size>
	<object>
		<name>Pacha</name>
		<pose>Unspecified</pose>
		<truncated>Unspecified</truncated>
		<difficult>Unspecified</difficult>
		<bndbox>
			<xmin>283</xmin>
			<ymin>406</ymin>
			<xmax>497</xmax>
			<ymax>544</ymax>
		</bndbox>
	</object>
	<object>
		<name>Pacha</name>
		<pose>Unspecified</pose>
		<truncated>Unspecified</truncated>
		<difficult>Unspecified</difficult>
		<bndbox>
			<xmin>444</xmin>
			<ymin>638</ymin>
			<xmax>447</xmax>
			<ymax>641</ymax>
		</bndbox>
	</object>
</annotation>