<annotation>
	<folder>kathakali-characters</folder>
	<filename>00226.jpg</filename>
	<path>/kathakali-characters/00226.jpg</path>
	<source>
		<database>Unspecified</database>
	</source>
	<size>
		<width>565</width>
		<height>900</height>
		<depth>3</depth>
	</size>
	<object>
		<name>Pacha</name>
		<pose>Unspecified</pose>
		<truncated>Unspecified</truncated>
		<difficult>Unspecified</difficult>
		<bndbox>
			<xmin>230</xmin>
			<ymin>171</ymin>
			<xmax>333</xmax>
			<ymax>239</ymax>
		</bndbox>
	</object>
</annotation>