<annotation>
	<folder>kathakali-characters</folder>
	<filename>00221.jpg</filename>
	<path>/kathakali-characters/00221.jpg</path>
	<source>
		<database>Unspecified</database>
	</source>
	<size>
		<width>600</width>
		<height>900</height>
		<depth>3</depth>
	</size>
	<object>
		<name>Pacha</name>
		<pose>Unspecified</pose>
		<truncated>Unspecified</truncated>
		<difficult>Unspecified</difficult>
		<bndbox>
			<xmin>256</xmin>
			<ymin>180</ymin>
			<xmax>359</xmax>
			<ymax>248</ymax>
		</bndbox>
	</object>
</annotation>