<annotation>
	<folder>kathakali-characters</folder>
	<filename>00228.jpg</filename>
	<path>/kathakali-characters/00228.jpg</path>
	<source>
		<database>Unspecified</database>
	</source>
	<size>
		<width>800</width>
		<height>618</height>
		<depth>3</depth>
	</size>
	<object>
		<name>Pacha</name>
		<pose>Unspecified</pose>
		<truncated>Unspecified</truncated>
		<difficult>Unspecified</difficult>
		<bndbox>
			<xmin>293</xmin>
			<ymin>252</ymin>
			<xmax>418</xmax>
			<ymax>335</ymax>
		</bndbox>
	</object>
</annotation>