<annotation>
	<folder>kathakali-characters</folder>
	<filename>00229.jpg</filename>
	<path>/kathakali-characters/00229.jpg</path>
	<source>
		<database>Unspecified</database>
	</source>
	<size>
		<width>800</width>
		<height>533</height>
		<depth>3</depth>
	</size>
	<object>
		<name>Kathi</name>
		<pose>Unspecified</pose>
		<truncated>Unspecified</truncated>
		<difficult>Unspecified</difficult>
		<bndbox>
			<xmin>438</xmin>
			<ymin>152</ymin>
			<xmax>549</xmax>
			<ymax>231</ymax>
		</bndbox>
	</object>
</annotation>