<annotation>
	<folder>kathakali-characters</folder>
	<filename>00220.jpg</filename>
	<path>/kathakali-characters/00220.jpg</path>
	<source>
		<database>Unspecified</database>
	</source>
	<size>
		<width>800</width>
		<height>533</height>
		<depth>3</depth>
	</size>
	<object>
		<name>Pacha</name>
		<pose>Unspecified</pose>
		<truncated>Unspecified</truncated>
		<difficult>Unspecified</difficult>
		<bndbox>
			<xmin>329</xmin>
			<ymin>252</ymin>
			<xmax>481</xmax>
			<ymax>370</ymax>
		</bndbox>
	</object>
</annotation>