<annotation>
	<folder>kathakali-characters</folder>
	<filename>00225.jpg</filename>
	<path>/kathakali-characters/00225.jpg</path>
	<source>
		<database>Unspecified</database>
	</source>
	<size>
		<width>557</width>
		<height>900</height>
		<depth>3</depth>
	</size>
	<object>
		<name>Pacha</name>
		<pose>Unspecified</pose>
		<truncated>Unspecified</truncated>
		<difficult>Unspecified</difficult>
		<bndbox>
			<xmin>222</xmin>
			<ymin>190</ymin>
			<xmax>323</xmax>
			<ymax>254</ymax>
		</bndbox>
	</object>
</annotation>