<annotation>
	<folder>kathakali-characters</folder>
	<filename>00232.jpg</filename>
	<path>/kathakali-characters/00232.jpg</path>
	<source>
		<database>Unspecified</database>
	</source>
	<size>
		<width>589</width>
		<height>900</height>
		<depth>3</depth>
	</size>
	<object>
		<name>Pacha</name>
		<pose>Unspecified</pose>
		<truncated>Unspecified</truncated>
		<difficult>Unspecified</difficult>
		<bndbox>
			<xmin>140</xmin>
			<ymin>494</ymin>
			<xmax>351</xmax>
			<ymax>667</ymax>
		</bndbox>
	</object>
</annotation>