<annotation>
	<folder>kathakali-characters</folder>
	<filename>00233.jpg</filename>
	<path>/kathakali-characters/00233.jpg</path>
	<source>
		<database>Unspecified</database>
	</source>
	<size>
		<width>578</width>
		<height>900</height>
		<depth>3</depth>
	</size>
	<object>
		<name>Kathi</name>
		<pose>Unspecified</pose>
		<truncated>Unspecified</truncated>
		<difficult>Unspecified</difficult>
		<bndbox>
			<xmin>262</xmin>
			<ymin>277</ymin>
			<xmax>355</xmax>
			<ymax>342</ymax>
		</bndbox>
	</object>
</annotation>