<annotation>
	<folder>kathakali-characters</folder>
	<filename>00234.jpg</filename>
	<path>/kathakali-characters/00234.jpg</path>
	<source>
		<database>Unspecified</database>
	</source>
	<size>
		<width>800</width>
		<height>531</height>
		<depth>3</depth>
	</size>
	<object>
		<name>Kathi</name>
		<pose>Unspecified</pose>
		<truncated>Unspecified</truncated>
		<difficult>Unspecified</difficult>
		<bndbox>
			<xmin>382</xmin>
			<ymin>130</ymin>
			<xmax>790</xmax>
			<ymax>451</ymax>
		</bndbox>
	</object>
</annotation>