<annotation>
	<folder>kathakali-characters</folder>
	<filename>00235.jpg</filename>
	<path>/kathakali-characters/00235.jpg</path>
	<source>
		<database>Unspecified</database>
	</source>
	<size>
		<width>650</width>
		<height>488</height>
		<depth>3</depth>
	</size>
	<object>
		<name>Pacha</name>
		<pose>Unspecified</pose>
		<truncated>Unspecified</truncated>
		<difficult>Unspecified</difficult>
		<bndbox>
			<xmin>438</xmin>
			<ymin>139</ymin>
			<xmax>512</xmax>
			<ymax>208</ymax>
		</bndbox>
	</object>
</annotation>