<annotation>
	<folder>kathakali-characters</folder>
	<filename>00230.jpg</filename>
	<path>/kathakali-characters/00230.jpg</path>
	<source>
		<database>Unspecified</database>
	</source>
	<size>
		<width>800</width>
		<height>533</height>
		<depth>3</depth>
	</size>
	<object>
		<name>Pacha</name>
		<pose>Unspecified</pose>
		<truncated>Unspecified</truncated>
		<difficult>Unspecified</difficult>
		<bndbox>
			<xmin>262</xmin>
			<ymin>191</ymin>
			<xmax>317</xmax>
			<ymax>252</ymax>
		</bndbox>
	</object>
</annotation>