<annotation>
	<folder>kathakali-characters</folder>
	<filename>00238.jpg</filename>
	<path>/kathakali-characters/00238.jpg</path>
	<source>
		<database>Unspecified</database>
	</source>
	<size>
		<width>1500</width>
		<height>1200</height>
		<depth>3</depth>
	</size>
	<object>
		<name>Kathi</name>
		<pose>Unspecified</pose>
		<truncated>Unspecified</truncated>
		<difficult>Unspecified</difficult>
		<bndbox>
			<xmin>623</xmin>
			<ymin>487</ymin>
			<xmax>918</xmax>
			<ymax>675</ymax>
		</bndbox>
	</object>
</annotation>