<annotation>
	<folder>kathakali-characters</folder>
	<filename>00236.jpg</filename>
	<path>/kathakali-characters/00236.jpg</path>
	<source>
		<database>Unspecified</database>
	</source>
	<size>
		<width>480</width>
		<height>368</height>
		<depth>3</depth>
	</size>
	<object>
		<name>Pacha</name>
		<pose>Unspecified</pose>
		<truncated>Unspecified</truncated>
		<difficult>Unspecified</difficult>
		<bndbox>
			<xmin>201</xmin>
			<ymin>79</ymin>
			<xmax>246</xmax>
			<ymax>111</ymax>
		</bndbox>
	</object>
</annotation>