<annotation>
	<folder>kathakali-characters</folder>
	<filename>00231.jpg</filename>
	<path>/kathakali-characters/00231.jpg</path>
	<source>
		<database>Unspecified</database>
	</source>
	<size>
		<width>700</width>
		<height>900</height>
		<depth>3</depth>
	</size>
	<object>
		<name>Kathi</name>
		<pose>Unspecified</pose>
		<truncated>Unspecified</truncated>
		<difficult>Unspecified</difficult>
		<bndbox>
			<xmin>349</xmin>
			<ymin>227</ymin>
			<xmax>475</xmax>
			<ymax>319</ymax>
		</bndbox>
	</object>
</annotation>