<annotation>
	<folder>kathakali-characters</folder>
	<filename>00245.jpg</filename>
	<path>/kathakali-characters/00245.jpg</path>
	<source>
		<database>Unspecified</database>
	</source>
	<size>
		<width>1060</width>
		<height>1600</height>
		<depth>3</depth>
	</size>
	<object>
		<name>Pacha</name>
		<pose>Unspecified</pose>
		<truncated>Unspecified</truncated>
		<difficult>Unspecified</difficult>
		<bndbox>
			<xmin>229</xmin>
			<ymin>557</ymin>
			<xmax>771</xmax>
			<ymax>902</ymax>
		</bndbox>
	</object>
</annotation>