<annotation>
	<folder>kathakali-characters</folder>
	<filename>00240.jpg</filename>
	<path>/kathakali-characters/00240.jpg</path>
	<source>
		<database>Unspecified</database>
	</source>
	<size>
		<width>620</width>
		<height>945</height>
		<depth>3</depth>
	</size>
	<object>
		<name>Pacha</name>
		<pose>Unspecified</pose>
		<truncated>Unspecified</truncated>
		<difficult>Unspecified</difficult>
		<bndbox>
			<xmin>214</xmin>
			<ymin>502</ymin>
			<xmax>483</xmax>
			<ymax>692</ymax>
		</bndbox>
	</object>
</annotation>