<annotation>
	<folder>kathakali-characters</folder>
	<filename>00246.jpg</filename>
	<path>/kathakali-characters/00246.jpg</path>
	<source>
		<database>Unspecified</database>
	</source>
	<size>
		<width>1600</width>
		<height>1067</height>
		<depth>3</depth>
	</size>
	<object>
		<name>Pacha</name>
		<pose>Unspecified</pose>
		<truncated>Unspecified</truncated>
		<difficult>Unspecified</difficult>
		<bndbox>
			<xmin>482</xmin>
			<ymin>482</ymin>
			<xmax>768</xmax>
			<ymax>751</ymax>
		</bndbox>
	</object>
</annotation>