<annotation>
	<folder>kathakali-characters</folder>
	<filename>00244.jpg</filename>
	<path>/kathakali-characters/00244.jpg</path>
	<source>
		<database>Unspecified</database>
	</source>
	<size>
		<width>729</width>
		<height>1097</height>
		<depth>3</depth>
	</size>
	<object>
		<name>Pacha</name>
		<pose>Unspecified</pose>
		<truncated>Unspecified</truncated>
		<difficult>Unspecified</difficult>
		<bndbox>
			<xmin>115</xmin>
			<ymin>517</ymin>
			<xmax>560</xmax>
			<ymax>815</ymax>
		</bndbox>
	</object>
</annotation>