<annotation>
	<folder>kathakali-characters</folder>
	<filename>00248.jpg</filename>
	<path>/kathakali-characters/00248.jpg</path>
	<source>
		<database>Unspecified</database>
	</source>
	<size>
		<width>1600</width>
		<height>1065</height>
		<depth>3</depth>
	</size>
	<object>
		<name>Pacha</name>
		<pose>Unspecified</pose>
		<truncated>Unspecified</truncated>
		<difficult>Unspecified</difficult>
		<bndbox>
			<xmin>488</xmin>
			<ymin>248</ymin>
			<xmax>617</xmax>
			<ymax>333</ymax>
		</bndbox>
	</object>
	<object>
		<name>Pacha</name>
		<pose>Unspecified</pose>
		<truncated>Unspecified</truncated>
		<difficult>Unspecified</difficult>
		<bndbox>
			<xmin>870</xmin>
			<ymin>237</ymin>
			<xmax>983</xmax>
			<ymax>318</ymax>
		</bndbox>
	</object>
</annotation>