<annotation>
	<folder>kathakali-characters</folder>
	<filename>00243.jpg</filename>
	<path>/kathakali-characters/00243.jpg</path>
	<source>
		<database>Unspecified</database>
	</source>
	<size>
		<width>1254</width>
		<height>837</height>
		<depth>3</depth>
	</size>
	<object>
		<name>Pacha</name>
		<pose>Unspecified</pose>
		<truncated>Unspecified</truncated>
		<difficult>Unspecified</difficult>
		<bndbox>
			<xmin>560</xmin>
			<ymin>187</ymin>
			<xmax>701</xmax>
			<ymax>300</ymax>
		</bndbox>
	</object>
	<object>
		<name>Pacha</name>
		<pose>Unspecified</pose>
		<truncated>Unspecified</truncated>
		<difficult>Unspecified</difficult>
		<bndbox>
			<xmin>987</xmin>
			<ymin>261</ymin>
			<xmax>1022</xmax>
			<ymax>317</ymax>
		</bndbox>
	</object>
</annotation>