<annotation>
	<folder>kathakali-characters</folder>
	<filename>00241.jpg</filename>
	<path>/kathakali-characters/00241.jpg</path>
	<source>
		<database>Unspecified</database>
	</source>
	<size>
		<width>4194</width>
		<height>2791</height>
		<depth>3</depth>
	</size>
	<object>
		<name>Kathi</name>
		<pose>Unspecified</pose>
		<truncated>Unspecified</truncated>
		<difficult>Unspecified</difficult>
		<bndbox>
			<xmin>2655</xmin>
			<ymin>870</ymin>
			<xmax>3189</xmax>
			<ymax>1311</ymax>
		</bndbox>
	</object>
</annotation>