<annotation>
	<folder>kathakali-characters</folder>
	<filename>00249.jpg</filename>
	<path>/kathakali-characters/00249.jpg</path>
	<source>
		<database>Unspecified</database>
	</source>
	<size>
		<width>1600</width>
		<height>1066</height>
		<depth>3</depth>
	</size>
	<object>
		<name>Kathi</name>
		<pose>Unspecified</pose>
		<truncated>Unspecified</truncated>
		<difficult>Unspecified</difficult>
		<bndbox>
			<xmin>267</xmin>
			<ymin>510</ymin>
			<xmax>515</xmax>
			<ymax>684</ymax>
		</bndbox>
	</object>
</annotation>