<annotation>
	<folder>kathakali-characters</folder>
	<filename>00242.jpg</filename>
	<path>/kathakali-characters/00242.jpg</path>
	<source>
		<database>Unspecified</database>
	</source>
	<size>
		<width>2048</width>
		<height>1652</height>
		<depth>3</depth>
	</size>
	<object>
		<name>Pacha</name>
		<pose>Unspecified</pose>
		<truncated>Unspecified</truncated>
		<difficult>Unspecified</difficult>
		<bndbox>
			<xmin>794</xmin>
			<ymin>517</ymin>
			<xmax>1170</xmax>
			<ymax>795</ymax>
		</bndbox>
	</object>
</annotation>