<annotation>
	<folder>kathakali-characters</folder>
	<filename>00251.jpg</filename>
	<path>/kathakali-characters/00251.jpg</path>
	<source>
		<database>Unspecified</database>
	</source>
	<size>
		<width>1600</width>
		<height>1600</height>
		<depth>3</depth>
	</size>
	<object>
		<name>Pacha</name>
		<pose>Unspecified</pose>
		<truncated>Unspecified</truncated>
		<difficult>Unspecified</difficult>
		<bndbox>
			<xmin>56</xmin>
			<ymin>946</ymin>
			<xmax>638</xmax>
			<ymax>1343</ymax>
		</bndbox>
	</object>
</annotation>