<annotation>
	<folder>kathakali-characters</folder>
	<filename>00257.jpg</filename>
	<path>/kathakali-characters/00257.jpg</path>
	<source>
		<database>Unspecified</database>
	</source>
	<size>
		<width>272</width>
		<height>400</height>
		<depth>3</depth>
	</size>
	<object>
		<name>Pacha</name>
		<pose>Unspecified</pose>
		<truncated>Unspecified</truncated>
		<difficult>Unspecified</difficult>
		<bndbox>
			<xmin>100</xmin>
			<ymin>100</ymin>
			<xmax>166</xmax>
			<ymax>147</ymax>
		</bndbox>
	</object>
</annotation>