<annotation>
	<folder>kathakali-characters</folder>
	<filename>00255.jpg</filename>
	<path>/kathakali-characters/00255.jpg</path>
	<source>
		<database>Unspecified</database>
	</source>
	<size>
		<width>720</width>
		<height>540</height>
		<depth>3</depth>
	</size>
	<object>
		<name>Kathi</name>
		<pose>Unspecified</pose>
		<truncated>Unspecified</truncated>
		<difficult>Unspecified</difficult>
		<bndbox>
			<xmin>80</xmin>
			<ymin>191</ymin>
			<xmax>136</xmax>
			<ymax>238</ymax>
		</bndbox>
	</object>
</annotation>