<annotation>
	<folder>kathakali-characters</folder>
	<filename>00256.jpg</filename>
	<path>/kathakali-characters/00256.jpg</path>
	<source>
		<database>Unspecified</database>
	</source>
	<size>
		<width>1600</width>
		<height>1060</height>
		<depth>3</depth>
	</size>
	<object>
		<name>Pacha</name>
		<pose>Unspecified</pose>
		<truncated>Unspecified</truncated>
		<difficult>Unspecified</difficult>
		<bndbox>
			<xmin>659</xmin>
			<ymin>492</ymin>
			<xmax>1028</xmax>
			<ymax>692</ymax>
		</bndbox>
	</object>
</annotation>