<annotation>
	<folder>kathakali-characters</folder>
	<filename>00253.jpg</filename>
	<path>/kathakali-characters/00253.jpg</path>
	<source>
		<database>Unspecified</database>
	</source>
	<size>
		<width>800</width>
		<height>600</height>
		<depth>3</depth>
	</size>
	<object>
		<name>Pacha</name>
		<pose>Unspecified</pose>
		<truncated>Unspecified</truncated>
		<difficult>Unspecified</difficult>
		<bndbox>
			<xmin>188</xmin>
			<ymin>134</ymin>
			<xmax>279</xmax>
			<ymax>196</ymax>
		</bndbox>
	</object>
</annotation>