<annotation>
	<folder>kathakali-characters</folder>
	<filename>00258.jpg</filename>
	<path>/kathakali-characters/00258.jpg</path>
	<source>
		<database>Unspecified</database>
	</source>
	<size>
		<width>1600</width>
		<height>1069</height>
		<depth>3</depth>
	</size>
	<object>
		<name>Pacha</name>
		<pose>Unspecified</pose>
		<truncated>Unspecified</truncated>
		<difficult>Unspecified</difficult>
		<bndbox>
			<xmin>716</xmin>
			<ymin>254</ymin>
			<xmax>1108</xmax>
			<ymax>581</ymax>
		</bndbox>
	</object>
</annotation>