<annotation>
	<folder>kathakali-characters</folder>
	<filename>00259.jpg</filename>
	<path>/kathakali-characters/00259.jpg</path>
	<source>
		<database>Unspecified</database>
	</source>
	<size>
		<width>746</width>
		<height>847</height>
		<depth>3</depth>
	</size>
	<object>
		<name>Pacha</name>
		<pose>Unspecified</pose>
		<truncated>Unspecified</truncated>
		<difficult>Unspecified</difficult>
		<bndbox>
			<xmin>318</xmin>
			<ymin>320</ymin>
			<xmax>559</xmax>
			<ymax>469</ymax>
		</bndbox>
	</object>
</annotation>