<annotation>
	<folder>kathakali-characters</folder>
	<filename>00254.jpg</filename>
	<path>/kathakali-characters/00254.jpg</path>
	<source>
		<database>Unspecified</database>
	</source>
	<size>
		<width>320</width>
		<height>240</height>
		<depth>3</depth>
	</size>
	<object>
		<name>Pacha</name>
		<pose>Unspecified</pose>
		<truncated>Unspecified</truncated>
		<difficult>Unspecified</difficult>
		<bndbox>
			<xmin>211</xmin>
			<ymin>52</ymin>
			<xmax>261</xmax>
			<ymax>95</ymax>
		</bndbox>
	</object>
</annotation>