<annotation>
	<folder>kathakali-characters</folder>
	<filename>00263.jpg</filename>
	<path>/kathakali-characters/00263.jpg</path>
	<source>
		<database>Unspecified</database>
	</source>
	<size>
		<width>780</width>
		<height>1024</height>
		<depth>3</depth>
	</size>
	<object>
		<name>Pacha</name>
		<pose>Unspecified</pose>
		<truncated>Unspecified</truncated>
		<difficult>Unspecified</difficult>
		<bndbox>
			<xmin>234</xmin>
			<ymin>244</ymin>
			<xmax>502</xmax>
			<ymax>441</ymax>
		</bndbox>
	</object>
	<object>
		<name>Pacha</name>
		<pose>Unspecified</pose>
		<truncated>Unspecified</truncated>
		<difficult>Unspecified</difficult>
		<bndbox>
			<xmin>412</xmin>
			<ymin>656</ymin>
			<xmax>416</xmax>
			<ymax>658</ymax>
		</bndbox>
	</object>
</annotation>