<annotation>
	<folder>kathakali-characters</folder>
	<filename>00262.jpg</filename>
	<path>/kathakali-characters/00262.jpg</path>
	<source>
		<database>Unspecified</database>
	</source>
	<size>
		<width>960</width>
		<height>878</height>
		<depth>3</depth>
	</size>
	<object>
		<name>Pacha</name>
		<pose>Unspecified</pose>
		<truncated>Unspecified</truncated>
		<difficult>Unspecified</difficult>
		<bndbox>
			<xmin>174</xmin>
			<ymin>433</ymin>
			<xmax>578</xmax>
			<ymax>729</ymax>
		</bndbox>
	</object>
</annotation>