<annotation>
	<folder>kathakali-characters</folder>
	<filename>00264.jpg</filename>
	<path>/kathakali-characters/00264.jpg</path>
	<source>
		<database>Unspecified</database>
	</source>
	<size>
		<width>1600</width>
		<height>1066</height>
		<depth>3</depth>
	</size>
	<object>
		<name>Pacha</name>
		<pose>Unspecified</pose>
		<truncated>Unspecified</truncated>
		<difficult>Unspecified</difficult>
		<bndbox>
			<xmin>266</xmin>
			<ymin>280</ymin>
			<xmax>438</xmax>
			<ymax>378</ymax>
		</bndbox>
	</object>
	<object>
		<name>Pacha</name>
		<pose>Unspecified</pose>
		<truncated>Unspecified</truncated>
		<difficult>Unspecified</difficult>
		<bndbox>
			<xmin>590</xmin>
			<ymin>673</ymin>
			<xmax>590</xmax>
			<ymax>674</ymax>
		</bndbox>
	</object>
</annotation>