<annotation>
	<folder>kathakali-characters</folder>
	<filename>00261.jpg</filename>
	<path>/kathakali-characters/00261.jpg</path>
	<source>
		<database>Unspecified</database>
	</source>
	<size>
		<width>1059</width>
		<height>1600</height>
		<depth>3</depth>
	</size>
	<object>
		<name>Kathi</name>
		<pose>Unspecified</pose>
		<truncated>Unspecified</truncated>
		<difficult>Unspecified</difficult>
		<bndbox>
			<xmin>127</xmin>
			<ymin>880</ymin>
			<xmax>696</xmax>
			<ymax>1267</ymax>
		</bndbox>
	</object>
</annotation>