<annotation>
	<folder>kathakali-characters</folder>
	<filename>00268.jpg</filename>
	<path>/kathakali-characters/00268.jpg</path>
	<source>
		<database>Unspecified</database>
	</source>
	<size>
		<width>1000</width>
		<height>666</height>
		<depth>3</depth>
	</size>
	<object>
		<name>Pacha</name>
		<pose>Unspecified</pose>
		<truncated>Unspecified</truncated>
		<difficult>Unspecified</difficult>
		<bndbox>
			<xmin>333</xmin>
			<ymin>229</ymin>
			<xmax>574</xmax>
			<ymax>412</ymax>
		</bndbox>
	</object>
</annotation>