<annotation>
	<folder>kathakali-characters</folder>
	<filename>00269.jpg</filename>
	<path>/kathakali-characters/00269.jpg</path>
	<source>
		<database>Unspecified</database>
	</source>
	<size>
		<width>870</width>
		<height>217</height>
		<depth>3</depth>
	</size>
	<object>
		<name>Kathi</name>
		<pose>Unspecified</pose>
		<truncated>Unspecified</truncated>
		<difficult>Unspecified</difficult>
		<bndbox>
			<xmin>371</xmin>
			<ymin>120</ymin>
			<xmax>497</xmax>
			<ymax>212</ymax>
		</bndbox>
	</object>
</annotation>