<annotation>
	<folder>kathakali-characters</folder>
	<filename>00260.jpg</filename>
	<path>/kathakali-characters/00260.jpg</path>
	<source>
		<database>Unspecified</database>
	</source>
	<size>
		<width>1600</width>
		<height>896</height>
		<depth>3</depth>
	</size>
	<object>
		<name>Pacha</name>
		<pose>Unspecified</pose>
		<truncated>Unspecified</truncated>
		<difficult>Unspecified</difficult>
		<bndbox>
			<xmin>843</xmin>
			<ymin>254</ymin>
			<xmax>1226</xmax>
			<ymax>618</ymax>
		</bndbox>
	</object>
	<object>
		<name>Pacha</name>
		<pose>Unspecified</pose>
		<truncated>Unspecified</truncated>
		<difficult>Unspecified</difficult>
		<bndbox>
			<xmin>973</xmin>
			<ymin>777</ymin>
			<xmax>976</xmax>
			<ymax>777</ymax>
		</bndbox>
	</object>
</annotation>