<annotation>
	<folder>kathakali-characters</folder>
	<filename>00275.jpg</filename>
	<path>/kathakali-characters/00275.jpg</path>
	<source>
		<database>Unspecified</database>
	</source>
	<size>
		<width>800</width>
		<height>500</height>
		<depth>3</depth>
	</size>
	<object>
		<name>Pacha</name>
		<pose>Unspecified</pose>
		<truncated>Unspecified</truncated>
		<difficult>Unspecified</difficult>
		<bndbox>
			<xmin>519</xmin>
			<ymin>151</ymin>
			<xmax>587</xmax>
			<ymax>191</ymax>
		</bndbox>
	</object>
	<object>
		<name>Pacha</name>
		<pose>Unspecified</pose>
		<truncated>Unspecified</truncated>
		<difficult>Unspecified</difficult>
		<bndbox>
			<xmin>122</xmin>
			<ymin>202</ymin>
			<xmax>171</xmax>
			<ymax>233</ymax>
		</bndbox>
	</object>
</annotation>