<annotation>
	<folder>kathakali-characters</folder>
	<filename>00276.jpg</filename>
	<path>/kathakali-characters/00276.jpg</path>
	<source>
		<database>Unspecified</database>
	</source>
	<size>
		<width>2180</width>
		<height>1267</height>
		<depth>3</depth>
	</size>
	<object>
		<name>Pacha</name>
		<pose>Unspecified</pose>
		<truncated>Unspecified</truncated>
		<difficult>Unspecified</difficult>
		<bndbox>
			<xmin>68</xmin>
			<ymin>362</ymin>
			<xmax>1342</xmax>
			<ymax>1154</ymax>
		</bndbox>
	</object>
</annotation>