<annotation>
	<folder>kathakali-characters</folder>
	<filename>00270.jpg</filename>
	<path>/kathakali-characters/00270.jpg</path>
	<source>
		<database>Unspecified</database>
	</source>
	<size>
		<width>1200</width>
		<height>1600</height>
		<depth>3</depth>
	</size>
	<object>
		<name>Pacha</name>
		<pose>Unspecified</pose>
		<truncated>Unspecified</truncated>
		<difficult>Unspecified</difficult>
		<bndbox>
			<xmin>448</xmin>
			<ymin>940</ymin>
			<xmax>690</xmax>
			<ymax>1294</ymax>
		</bndbox>
	</object>
</annotation>