<annotation>
	<folder>kathakali-characters</folder>
	<filename>00277.jpg</filename>
	<path>/kathakali-characters/00277.jpg</path>
	<source>
		<database>Unspecified</database>
	</source>
	<size>
		<width>663</width>
		<height>441</height>
		<depth>3</depth>
	</size>
	<object>
		<name>Pacha</name>
		<pose>Unspecified</pose>
		<truncated>Unspecified</truncated>
		<difficult>Unspecified</difficult>
		<bndbox>
			<xmin>100</xmin>
			<ymin>148</ymin>
			<xmax>141</xmax>
			<ymax>180</ymax>
		</bndbox>
	</object>
	<object>
		<name>Pacha</name>
		<pose>Unspecified</pose>
		<truncated>Unspecified</truncated>
		<difficult>Unspecified</difficult>
		<bndbox>
			<xmin>173</xmin>
			<ymin>247</ymin>
			<xmax>218</xmax>
			<ymax>285</ymax>
		</bndbox>
	</object>
	<object>
		<name>Pacha</name>
		<pose>Unspecified</pose>
		<truncated>Unspecified</truncated>
		<difficult>Unspecified</difficult>
		<bndbox>
			<xmin>211</xmin>
			<ymin>228</ymin>
			<xmax>238</xmax>
			<ymax>257</ymax>
		</bndbox>
	</object>
	<object>
		<name>Pacha</name>
		<pose>Unspecified</pose>
		<truncated>Unspecified</truncated>
		<difficult>Unspecified</difficult>
		<bndbox>
			<xmin>256</xmin>
			<ymin>262</ymin>
			<xmax>288</xmax>
			<ymax>285</ymax>
		</bndbox>
	</object>
	<object>
		<name>Kathi</name>
		<pose>Unspecified</pose>
		<truncated>Unspecified</truncated>
		<difficult>Unspecified</difficult>
		<bndbox>
			<xmin>326</xmin>
			<ymin>203</ymin>
			<xmax>372</xmax>
			<ymax>237</ymax>
		</bndbox>
	</object>
</annotation>