<annotation>
	<folder>kathakali-characters</folder>
	<filename>00273.jpg</filename>
	<path>/kathakali-characters/00273.jpg</path>
	<source>
		<database>Unspecified</database>
	</source>
	<size>
		<width>768</width>
		<height>513</height>
		<depth>3</depth>
	</size>
	<object>
		<name>Pacha</name>
		<pose>Unspecified</pose>
		<truncated>Unspecified</truncated>
		<difficult>Unspecified</difficult>
		<bndbox>
			<xmin>369</xmin>
			<ymin>220</ymin>
			<xmax>423</xmax>
			<ymax>264</ymax>
		</bndbox>
	</object>
	<object>
		<name>Pacha</name>
		<pose>Unspecified</pose>
		<truncated>Unspecified</truncated>
		<difficult>Unspecified</difficult>
		<bndbox>
			<xmin>615</xmin>
			<ymin>230</ymin>
			<xmax>660</xmax>
			<ymax>269</ymax>
		</bndbox>
	</object>
</annotation>