<annotation>
	<folder>kathakali-characters</folder>
	<filename>00278.jpg</filename>
	<path>/kathakali-characters/00278.jpg</path>
	<source>
		<database>Unspecified</database>
	</source>
	<size>
		<width>720</width>
		<height>405</height>
		<depth>3</depth>
	</size>
	<object>
		<name>Pacha</name>
		<pose>Unspecified</pose>
		<truncated>Unspecified</truncated>
		<difficult>Unspecified</difficult>
		<bndbox>
			<xmin>299</xmin>
			<ymin>151</ymin>
			<xmax>419</xmax>
			<ymax>233</ymax>
		</bndbox>
	</object>
</annotation>