<annotation>
	<folder>kathakali-characters</folder>
	<filename>00280.jpg</filename>
	<path>/kathakali-characters/00280.jpg</path>
	<source>
		<database>Unspecified</database>
	</source>
	<size>
		<width>1070</width>
		<height>670</height>
		<depth>3</depth>
	</size>
	<object>
		<name>Pacha</name>
		<pose>Unspecified</pose>
		<truncated>Unspecified</truncated>
		<difficult>Unspecified</difficult>
		<bndbox>
			<xmin>659</xmin>
			<ymin>168</ymin>
			<xmax>796</xmax>
			<ymax>268</ymax>
		</bndbox>
	</object>
	<object>
		<name>Pacha</name>
		<pose>Unspecified</pose>
		<truncated>Unspecified</truncated>
		<difficult>Unspecified</difficult>
		<bndbox>
			<xmin>918</xmin>
			<ymin>282</ymin>
			<xmax>993</xmax>
			<ymax>348</ymax>
		</bndbox>
	</object>
</annotation>