<annotation>
	<folder>kathakali-characters</folder>
	<filename>00283.jpg</filename>
	<path>/kathakali-characters/00283.jpg</path>
	<source>
		<database>Unspecified</database>
	</source>
	<size>
		<width>279</width>
		<height>229</height>
		<depth>3</depth>
	</size>
	<object>
		<name>Pacha</name>
		<pose>Unspecified</pose>
		<truncated>Unspecified</truncated>
		<difficult>Unspecified</difficult>
		<bndbox>
			<xmin>198</xmin>
			<ymin>75</ymin>
			<xmax>224</xmax>
			<ymax>97</ymax>
		</bndbox>
	</object>
</annotation>