<annotation>
	<folder>kathakali-characters</folder>
	<filename>00286.jpg</filename>
	<path>/kathakali-characters/00286.jpg</path>
	<source>
		<database>Unspecified</database>
	</source>
	<size>
		<width>249</width>
		<height>220</height>
		<depth>3</depth>
	</size>
	<object>
		<name>Pacha</name>
		<pose>Unspecified</pose>
		<truncated>Unspecified</truncated>
		<difficult>Unspecified</difficult>
		<bndbox>
			<xmin>106</xmin>
			<ymin>64</ymin>
			<xmax>130</xmax>
			<ymax>89</ymax>
		</bndbox>
	</object>
</annotation>