<annotation>
	<folder>kathakali-characters</folder>
	<filename>00282.jpg</filename>
	<path>/kathakali-characters/00282.jpg</path>
	<source>
		<database>Unspecified</database>
	</source>
	<size>
		<width>252</width>
		<height>219</height>
		<depth>3</depth>
	</size>
	<object>
		<name>Pacha</name>
		<pose>Unspecified</pose>
		<truncated>Unspecified</truncated>
		<difficult>Unspecified</difficult>
		<bndbox>
			<xmin>124</xmin>
			<ymin>61</ymin>
			<xmax>151</xmax>
			<ymax>80</ymax>
		</bndbox>
	</object>
	<object>
		<name>Pacha</name>
		<pose>Unspecified</pose>
		<truncated>Unspecified</truncated>
		<difficult>Unspecified</difficult>
		<bndbox>
			<xmin>158</xmin>
			<ymin>84</ymin>
			<xmax>180</xmax>
			<ymax>100</ymax>
		</bndbox>
	</object>
</annotation>