<annotation>
	<folder>kathakali-characters</folder>
	<filename>00288.jpg</filename>
	<path>/kathakali-characters/00288.jpg</path>
	<source>
		<database>Unspecified</database>
	</source>
	<size>
		<width>1024</width>
		<height>550</height>
		<depth>3</depth>
	</size>
	<object>
		<name>Pacha</name>
		<pose>Unspecified</pose>
		<truncated>Unspecified</truncated>
		<difficult>Unspecified</difficult>
		<bndbox>
			<xmin>159</xmin>
			<ymin>180</ymin>
			<xmax>411</xmax>
			<ymax>430</ymax>
		</bndbox>
	</object>
</annotation>