<annotation>
	<folder>kathakali-characters</folder>
	<filename>00285.jpg</filename>
	<path>/kathakali-characters/00285.jpg</path>
	<source>
		<database>Unspecified</database>
	</source>
	<size>
		<width>182</width>
		<height>269</height>
		<depth>3</depth>
	</size>
	<object>
		<name>Kathi</name>
		<pose>Unspecified</pose>
		<truncated>Unspecified</truncated>
		<difficult>Unspecified</difficult>
		<bndbox>
			<xmin>68</xmin>
			<ymin>51</ymin>
			<xmax>96</xmax>
			<ymax>73</ymax>
		</bndbox>
	</object>
</annotation>