<annotation>
	<folder>kathakali-characters</folder>
	<filename>00289.jpg</filename>
	<path>/kathakali-characters/00289.jpg</path>
	<source>
		<database>Unspecified</database>
	</source>
	<size>
		<width>630</width>
		<height>379</height>
		<depth>3</depth>
	</size>
	<object>
		<name>Pacha</name>
		<pose>Unspecified</pose>
		<truncated>Unspecified</truncated>
		<difficult>Unspecified</difficult>
		<bndbox>
			<xmin>344</xmin>
			<ymin>95</ymin>
			<xmax>379</xmax>
			<ymax>133</ymax>
		</bndbox>
	</object>
	<object>
		<name>Pacha</name>
		<pose>Unspecified</pose>
		<truncated>Unspecified</truncated>
		<difficult>Unspecified</difficult>
		<bndbox>
			<xmin>62</xmin>
			<ymin>54</ymin>
			<xmax>113</xmax>
			<ymax>95</ymax>
		</bndbox>
	</object>
</annotation>