<annotation>
	<folder>kathakali-characters</folder>
	<filename>00284.jpg</filename>
	<path>/kathakali-characters/00284.jpg</path>
	<source>
		<database>Unspecified</database>
	</source>
	<size>
		<width>262</width>
		<height>211</height>
		<depth>3</depth>
	</size>
	<object>
		<name>Pacha</name>
		<pose>Unspecified</pose>
		<truncated>Unspecified</truncated>
		<difficult>Unspecified</difficult>
		<bndbox>
			<xmin>76</xmin>
			<ymin>51</ymin>
			<xmax>113</xmax>
			<ymax>78</ymax>
		</bndbox>
	</object>
</annotation>