<annotation>
	<folder>kathakali-characters</folder>
	<filename>00290.jpg</filename>
	<path>/kathakali-characters/00290.jpg</path>
	<source>
		<database>Unspecified</database>
	</source>
	<size>
		<width>2000</width>
		<height>1333</height>
		<depth>3</depth>
	</size>
	<object>
		<name>Pacha</name>
		<pose>Unspecified</pose>
		<truncated>Unspecified</truncated>
		<difficult>Unspecified</difficult>
		<bndbox>
			<xmin>1361</xmin>
			<ymin>462</ymin>
			<xmax>1523</xmax>
			<ymax>674</ymax>
		</bndbox>
	</object>
</annotation>