<annotation>
	<folder>kathakali-characters</folder>
	<filename>00297.jpg</filename>
	<path>/kathakali-characters/00297.jpg</path>
	<source>
		<database>Unspecified</database>
	</source>
	<size>
		<width>326</width>
		<height>326</height>
		<depth>3</depth>
	</size>
	<object>
		<name>Pacha</name>
		<pose>Unspecified</pose>
		<truncated>Unspecified</truncated>
		<difficult>Unspecified</difficult>
		<bndbox>
			<xmin>70</xmin>
			<ymin>84</ymin>
			<xmax>126</xmax>
			<ymax>127</ymax>
		</bndbox>
	</object>
</annotation>