<annotation>
	<folder>kathakali-characters</folder>
	<filename>00294.jpg</filename>
	<path>/kathakali-characters/00294.jpg</path>
	<source>
		<database>Unspecified</database>
	</source>
	<size>
		<width>450</width>
		<height>600</height>
		<depth>3</depth>
	</size>
	<object>
		<name>Pacha</name>
		<pose>Unspecified</pose>
		<truncated>Unspecified</truncated>
		<difficult>Unspecified</difficult>
		<bndbox>
			<xmin>111</xmin>
			<ymin>259</ymin>
			<xmax>191</xmax>
			<ymax>320</ymax>
		</bndbox>
	</object>
</annotation>