<annotation>
	<folder>kathakali-characters</folder>
	<filename>00296.jpg</filename>
	<path>/kathakali-characters/00296.jpg</path>
	<source>
		<database>Unspecified</database>
	</source>
	<size>
		<width>1365</width>
		<height>768</height>
		<depth>3</depth>
	</size>
	<object>
		<name>Pacha</name>
		<pose>Unspecified</pose>
		<truncated>Unspecified</truncated>
		<difficult>Unspecified</difficult>
		<bndbox>
			<xmin>142</xmin>
			<ymin>39</ymin>
			<xmax>1255</xmax>
			<ymax>768</ymax>
		</bndbox>
	</object>
</annotation>