<annotation>
	<folder>kathakali-characters</folder>
	<filename>00292.jpg</filename>
	<path>/kathakali-characters/00292.jpg</path>
	<source>
		<database>Unspecified</database>
	</source>
	<size>
		<width>1200</width>
		<height>800</height>
		<depth>3</depth>
	</size>
	<object>
		<name>Pacha</name>
		<pose>Unspecified</pose>
		<truncated>Unspecified</truncated>
		<difficult>Unspecified</difficult>
		<bndbox>
			<xmin>658</xmin>
			<ymin>249</ymin>
			<xmax>725</xmax>
			<ymax>297</ymax>
		</bndbox>
	</object>
</annotation>