<annotation>
	<folder>kathakali-characters</folder>
	<filename>00299.jpg</filename>
	<path>/kathakali-characters/00299.jpg</path>
	<source>
		<database>Unspecified</database>
	</source>
	<size>
		<width>1024</width>
		<height>576</height>
		<depth>3</depth>
	</size>
	<object>
		<name>Pacha</name>
		<pose>Unspecified</pose>
		<truncated>Unspecified</truncated>
		<difficult>Unspecified</difficult>
		<bndbox>
			<xmin>225</xmin>
			<ymin>303</ymin>
			<xmax>278</xmax>
			<ymax>341</ymax>
		</bndbox>
	</object>
	<object>
		<name>Pacha</name>
		<pose>Unspecified</pose>
		<truncated>Unspecified</truncated>
		<difficult>Unspecified</difficult>
		<bndbox>
			<xmin>901</xmin>
			<ymin>160</ymin>
			<xmax>950</xmax>
			<ymax>197</ymax>
		</bndbox>
	</object>
	<object>
		<name>Pacha</name>
		<pose>Unspecified</pose>
		<truncated>Unspecified</truncated>
		<difficult>Unspecified</difficult>
		<bndbox>
			<xmin>790</xmin>
			<ymin>184</ymin>
			<xmax>829</xmax>
			<ymax>213</ymax>
		</bndbox>
	</object>
	<object>
		<name>Pacha</name>
		<pose>Unspecified</pose>
		<truncated>Unspecified</truncated>
		<difficult>Unspecified</difficult>
		<bndbox>
			<xmin>713</xmin>
			<ymin>201</ymin>
			<xmax>744</xmax>
			<ymax>230</ymax>
		</bndbox>
	</object>
	<object>
		<name>Kathi</name>
		<pose>Unspecified</pose>
		<truncated>Unspecified</truncated>
		<difficult>Unspecified</difficult>
		<bndbox>
			<xmin>445</xmin>
			<ymin>232</ymin>
			<xmax>488</xmax>
			<ymax>263</ymax>
		</bndbox>
	</object>
</annotation>