<annotation>
	<folder>kathakali-characters</folder>
	<filename>00293.jpg</filename>
	<path>/kathakali-characters/00293.jpg</path>
	<source>
		<database>Unspecified</database>
	</source>
	<size>
		<width>960</width>
		<height>640</height>
		<depth>3</depth>
	</size>
	<object>
		<name>Pacha</name>
		<pose>Unspecified</pose>
		<truncated>Unspecified</truncated>
		<difficult>Unspecified</difficult>
		<bndbox>
			<xmin>713</xmin>
			<ymin>183</ymin>
			<xmax>774</xmax>
			<ymax>232</ymax>
		</bndbox>
	</object>
</annotation>