<annotation>
	<folder>kathakali-characters</folder>
	<filename>00298.jpg</filename>
	<path>/kathakali-characters/00298.jpg</path>
	<source>
		<database>Unspecified</database>
	</source>
	<size>
		<width>960</width>
		<height>657</height>
		<depth>3</depth>
	</size>
	<object>
		<name>Pacha</name>
		<pose>Unspecified</pose>
		<truncated>Unspecified</truncated>
		<difficult>Unspecified</difficult>
		<bndbox>
			<xmin>149</xmin>
			<ymin>293</ymin>
			<xmax>313</xmax>
			<ymax>449</ymax>
		</bndbox>
	</object>
</annotation>