<annotation>
	<folder>kathakali-characters</folder>
	<filename>00301.jpg</filename>
	<path>/kathakali-characters/00301.jpg</path>
	<source>
		<database>Unspecified</database>
	</source>
	<size>
		<width>1920</width>
		<height>1080</height>
		<depth>3</depth>
	</size>
	<object>
		<name>Pacha</name>
		<pose>Unspecified</pose>
		<truncated>Unspecified</truncated>
		<difficult>Unspecified</difficult>
		<bndbox>
			<xmin>488</xmin>
			<ymin>226</ymin>
			<xmax>617</xmax>
			<ymax>326</ymax>
		</bndbox>
	</object>
</annotation>