<annotation>
	<folder>kathakali-characters</folder>
	<filename>00300.jpg</filename>
	<path>/kathakali-characters/00300.jpg</path>
	<source>
		<database>Unspecified</database>
	</source>
	<size>
		<width>975</width>
		<height>600</height>
		<depth>3</depth>
	</size>
	<object>
		<name>Pacha</name>
		<pose>Unspecified</pose>
		<truncated>Unspecified</truncated>
		<difficult>Unspecified</difficult>
		<bndbox>
			<xmin>279</xmin>
			<ymin>214</ymin>
			<xmax>378</xmax>
			<ymax>289</ymax>
		</bndbox>
	</object>
</annotation>