<annotation>
	<folder>kathakali-characters</folder>
	<filename>00309.jpg</filename>
	<path>/kathakali-characters/00309.jpg</path>
	<source>
		<database>Unspecified</database>
	</source>
	<size>
		<width>1290</width>
		<height>1080</height>
		<depth>3</depth>
	</size>
	<object>
		<name>Pacha</name>
		<pose>Unspecified</pose>
		<truncated>Unspecified</truncated>
		<difficult>Unspecified</difficult>
		<bndbox>
			<xmin>590</xmin>
			<ymin>549</ymin>
			<xmax>866</xmax>
			<ymax>781</ymax>
		</bndbox>
	</object>
</annotation>