<annotation>
	<folder>kathakali-characters</folder>
	<filename>00305.jpg</filename>
	<path>/kathakali-characters/00305.jpg</path>
	<source>
		<database>Unspecified</database>
	</source>
	<size>
		<width>1280</width>
		<height>1280</height>
		<depth>3</depth>
	</size>
	<object>
		<name>Pacha</name>
		<pose>Unspecified</pose>
		<truncated>Unspecified</truncated>
		<difficult>Unspecified</difficult>
		<bndbox>
			<xmin>379</xmin>
			<ymin>341</ymin>
			<xmax>593</xmax>
			<ymax>492</ymax>
		</bndbox>
	</object>
</annotation>