<annotation>
	<folder>kathakali-characters</folder>
	<filename>00308.jpg</filename>
	<path>/kathakali-characters/00308.jpg</path>
	<source>
		<database>Unspecified</database>
	</source>
	<size>
		<width>800</width>
		<height>450</height>
		<depth>3</depth>
	</size>
	<object>
		<name>Pacha</name>
		<pose>Unspecified</pose>
		<truncated>Unspecified</truncated>
		<difficult>Unspecified</difficult>
		<bndbox>
			<xmin>321</xmin>
			<ymin>118</ymin>
			<xmax>375</xmax>
			<ymax>156</ymax>
		</bndbox>
	</object>
</annotation>