<annotation>
	<folder>kathakali-characters</folder>
	<filename>00303.jpg</filename>
	<path>/kathakali-characters/00303.jpg</path>
	<source>
		<database>Unspecified</database>
	</source>
	<size>
		<width>1180</width>
		<height>369</height>
		<depth>3</depth>
	</size>
	<object>
		<name>Pacha</name>
		<pose>Unspecified</pose>
		<truncated>Unspecified</truncated>
		<difficult>Unspecified</difficult>
		<bndbox>
			<xmin>711</xmin>
			<ymin>92</ymin>
			<xmax>753</xmax>
			<ymax>146</ymax>
		</bndbox>
	</object>
</annotation>