<annotation>
	<folder>kathakali-characters</folder>
	<filename>00306.jpg</filename>
	<path>/kathakali-characters/00306.jpg</path>
	<source>
		<database>Unspecified</database>
	</source>
	<size>
		<width>1024</width>
		<height>684</height>
		<depth>3</depth>
	</size>
	<object>
		<name>Pacha</name>
		<pose>Unspecified</pose>
		<truncated>Unspecified</truncated>
		<difficult>Unspecified</difficult>
		<bndbox>
			<xmin>385</xmin>
			<ymin>142</ymin>
			<xmax>474</xmax>
			<ymax>218</ymax>
		</bndbox>
	</object>
</annotation>