<annotation>
	<folder>kathakali-characters</folder>
	<filename>00307.jpg</filename>
	<path>/kathakali-characters/00307.jpg</path>
	<source>
		<database>Unspecified</database>
	</source>
	<size>
		<width>1200</width>
		<height>803</height>
		<depth>3</depth>
	</size>
	<object>
		<name>Pacha</name>
		<pose>Unspecified</pose>
		<truncated>Unspecified</truncated>
		<difficult>Unspecified</difficult>
		<bndbox>
			<xmin>791</xmin>
			<ymin>242</ymin>
			<xmax>891</xmax>
			<ymax>311</ymax>
		</bndbox>
	</object>
	<object>
		<name>Kathi</name>
		<pose>Unspecified</pose>
		<truncated>Unspecified</truncated>
		<difficult>Unspecified</difficult>
		<bndbox>
			<xmin>155</xmin>
			<ymin>279</ymin>
			<xmax>251</xmax>
			<ymax>347</ymax>
		</bndbox>
	</object>
</annotation>