<annotation>
	<folder>kathakali-characters</folder>
	<filename>00304.jpg</filename>
	<path>/kathakali-characters/00304.jpg</path>
	<source>
		<database>Unspecified</database>
	</source>
	<size>
		<width>578</width>
		<height>440</height>
		<depth>3</depth>
	</size>
	<object>
		<name>Kathi</name>
		<pose>Unspecified</pose>
		<truncated>Unspecified</truncated>
		<difficult>Unspecified</difficult>
		<bndbox>
			<xmin>275</xmin>
			<ymin>164</ymin>
			<xmax>323</xmax>
			<ymax>199</ymax>
		</bndbox>
	</object>
</annotation>