<annotation>
	<folder>kathakali-characters</folder>
	<filename>00302.jpg</filename>
	<path>/kathakali-characters/00302.jpg</path>
	<source>
		<database>Unspecified</database>
	</source>
	<size>
		<width>1366</width>
		<height>768</height>
		<depth>3</depth>
	</size>
	<object>
		<name>Pacha</name>
		<pose>Unspecified</pose>
		<truncated>Unspecified</truncated>
		<difficult>Unspecified</difficult>
		<bndbox>
			<xmin>382</xmin>
			<ymin>261</ymin>
			<xmax>526</xmax>
			<ymax>369</ymax>
		</bndbox>
	</object>
</annotation>