<annotation>
	<folder>kathakali-characters</folder>
	<filename>00313.jpg</filename>
	<path>/kathakali-characters/00313.jpg</path>
	<source>
		<database>Unspecified</database>
	</source>
	<size>
		<width>2121</width>
		<height>1414</height>
		<depth>3</depth>
	</size>
	<object>
		<name>Pacha</name>
		<pose>Unspecified</pose>
		<truncated>Unspecified</truncated>
		<difficult>Unspecified</difficult>
		<bndbox>
			<xmin>941</xmin>
			<ymin>657</ymin>
			<xmax>1114</xmax>
			<ymax>776</ymax>
		</bndbox>
	</object>
</annotation>