<annotation>
	<folder>kathakali-characters</folder>
	<filename>00314.jpg</filename>
	<path>/kathakali-characters/00314.jpg</path>
	<source>
		<database>Unspecified</database>
	</source>
	<size>
		<width>2122</width>
		<height>1415</height>
		<depth>3</depth>
	</size>
	<object>
		<name>Kathi</name>
		<pose>Unspecified</pose>
		<truncated>Unspecified</truncated>
		<difficult>Unspecified</difficult>
		<bndbox>
			<xmin>364</xmin>
			<ymin>282</ymin>
			<xmax>1748</xmax>
			<ymax>1239</ymax>
		</bndbox>
	</object>
</annotation>