<annotation>
	<folder>kathakali-characters</folder>
	<filename>00312.jpg</filename>
	<path>/kathakali-characters/00312.jpg</path>
	<source>
		<database>Unspecified</database>
	</source>
	<size>
		<width>2124</width>
		<height>1413</height>
		<depth>3</depth>
	</size>
	<object>
		<name>Pacha</name>
		<pose>Unspecified</pose>
		<truncated>Unspecified</truncated>
		<difficult>Unspecified</difficult>
		<bndbox>
			<xmin>1081</xmin>
			<ymin>616</ymin>
			<xmax>1374</xmax>
			<ymax>828</ymax>
		</bndbox>
	</object>
</annotation>