<annotation>
	<folder>kathakali-characters</folder>
	<filename>00315.jpg</filename>
	<path>/kathakali-characters/00315.jpg</path>
	<source>
		<database>Unspecified</database>
	</source>
	<size>
		<width>1000</width>
		<height>668</height>
		<depth>3</depth>
	</size>
	<object>
		<name>Pacha</name>
		<pose>Unspecified</pose>
		<truncated>Unspecified</truncated>
		<difficult>Unspecified</difficult>
		<bndbox>
			<xmin>236</xmin>
			<ymin>189</ymin>
			<xmax>447</xmax>
			<ymax>353</ymax>
		</bndbox>
	</object>
</annotation>