<annotation>
	<folder>kathakali-characters</folder>
	<filename>00310.jpg</filename>
	<path>/kathakali-characters/00310.jpg</path>
	<source>
		<database>Unspecified</database>
	</source>
	<size>
		<width>1000</width>
		<height>659</height>
		<depth>3</depth>
	</size>
	<object>
		<name>Pacha</name>
		<pose>Unspecified</pose>
		<truncated>Unspecified</truncated>
		<difficult>Unspecified</difficult>
		<bndbox>
			<xmin>299</xmin>
			<ymin>168</ymin>
			<xmax>379</xmax>
			<ymax>233</ymax>
		</bndbox>
	</object>
</annotation>