<annotation>
	<folder>kathakali-characters</folder>
	<filename>00319.jpg</filename>
	<path>/kathakali-characters/00319.jpg</path>
	<source>
		<database>Unspecified</database>
	</source>
	<size>
		<width>729</width>
		<height>1062</height>
		<depth>3</depth>
	</size>
	<object>
		<name>Kathi</name>
		<pose>Unspecified</pose>
		<truncated>Unspecified</truncated>
		<difficult>Unspecified</difficult>
		<bndbox>
			<xmin>215</xmin>
			<ymin>383</ymin>
			<xmax>427</xmax>
			<ymax>539</ymax>
		</bndbox>
	</object>
</annotation>