<annotation>
	<folder>kathakali-characters</folder>
	<filename>00318.jpg</filename>
	<path>/kathakali-characters/00318.jpg</path>
	<source>
		<database>Unspecified</database>
	</source>
	<size>
		<width>1200</width>
		<height>777</height>
		<depth>3</depth>
	</size>
	<object>
		<name>Pacha</name>
		<pose>Unspecified</pose>
		<truncated>Unspecified</truncated>
		<difficult>Unspecified</difficult>
		<bndbox>
			<xmin>316</xmin>
			<ymin>284</ymin>
			<xmax>475</xmax>
			<ymax>428</ymax>
		</bndbox>
	</object>
</annotation>