<annotation>
	<folder>kathakali-characters</folder>
	<filename>00311.jpg</filename>
	<path>/kathakali-characters/00311.jpg</path>
	<source>
		<database>Unspecified</database>
	</source>
	<size>
		<width>3947</width>
		<height>2802</height>
		<depth>3</depth>
	</size>
	<object>
		<name>Pacha</name>
		<pose>Unspecified</pose>
		<truncated>Unspecified</truncated>
		<difficult>Unspecified</difficult>
		<bndbox>
			<xmin>493</xmin>
			<ymin>167</ymin>
			<xmax>2762</xmax>
			<ymax>2193</ymax>
		</bndbox>
	</object>
</annotation>