<annotation>
	<folder>kathakali-characters</folder>
	<filename>00316.jpg</filename>
	<path>/kathakali-characters/00316.jpg</path>
	<source>
		<database>Unspecified</database>
	</source>
	<size>
		<width>1920</width>
		<height>1308</height>
		<depth>3</depth>
	</size>
	<object>
		<name>Pacha</name>
		<pose>Unspecified</pose>
		<truncated>Unspecified</truncated>
		<difficult>Unspecified</difficult>
		<bndbox>
			<xmin>1353</xmin>
			<ymin>629</ymin>
			<xmax>1528</xmax>
			<ymax>870</ymax>
		</bndbox>
	</object>
</annotation>