<annotation>
	<folder>kathakali-characters</folder>
	<filename>00327.jpg</filename>
	<path>/kathakali-characters/00327.jpg</path>
	<source>
		<database>Unspecified</database>
	</source>
	<size>
		<width>1487</width>
		<height>855</height>
		<depth>3</depth>
	</size>
	<object>
		<name>Pacha</name>
		<pose>Unspecified</pose>
		<truncated>Unspecified</truncated>
		<difficult>Unspecified</difficult>
		<bndbox>
			<xmin>669</xmin>
			<ymin>46</ymin>
			<xmax>1455</xmax>
			<ymax>682</ymax>
		</bndbox>
	</object>
</annotation>