<annotation>
	<folder>kathakali-characters</folder>
	<filename>00326.jpg</filename>
	<path>/kathakali-characters/00326.jpg</path>
	<source>
		<database>Unspecified</database>
	</source>
	<size>
		<width>1170</width>
		<height>692</height>
		<depth>3</depth>
	</size>
	<object>
		<name>Pacha</name>
		<pose>Unspecified</pose>
		<truncated>Unspecified</truncated>
		<difficult>Unspecified</difficult>
		<bndbox>
			<xmin>503</xmin>
			<ymin>232</ymin>
			<xmax>730</xmax>
			<ymax>389</ymax>
		</bndbox>
	</object>
</annotation>