<annotation>
	<folder>kathakali-characters</folder>
	<filename>00322.jpg</filename>
	<path>/kathakali-characters/00322.jpg</path>
	<source>
		<database>Unspecified</database>
	</source>
	<size>
		<width>1600</width>
		<height>1710</height>
		<depth>3</depth>
	</size>
	<object>
		<name>Pacha</name>
		<pose>Unspecified</pose>
		<truncated>Unspecified</truncated>
		<difficult>Unspecified</difficult>
		<bndbox>
			<xmin>529</xmin>
			<ymin>799</ymin>
			<xmax>969</xmax>
			<ymax>1097</ymax>
		</bndbox>
	</object>
</annotation>