<annotation>
	<folder>kathakali-characters</folder>
	<filename>00320.jpg</filename>
	<path>/kathakali-characters/00320.jpg</path>
	<source>
		<database>Unspecified</database>
	</source>
	<size>
		<width>500</width>
		<height>500</height>
		<depth>3</depth>
	</size>
	<object>
		<name>Kathi</name>
		<pose>Unspecified</pose>
		<truncated>Unspecified</truncated>
		<difficult>Unspecified</difficult>
		<bndbox>
			<xmin>188</xmin>
			<ymin>241</ymin>
			<xmax>333</xmax>
			<ymax>344</ymax>
		</bndbox>
	</object>
</annotation>