<annotation>
	<folder>kathakali-characters</folder>
	<filename>00324.jpg</filename>
	<path>/kathakali-characters/00324.jpg</path>
	<source>
		<database>Unspecified</database>
	</source>
	<size>
		<width>1900</width>
		<height>1285</height>
		<depth>3</depth>
	</size>
	<object>
		<name>Kathi</name>
		<pose>Unspecified</pose>
		<truncated>Unspecified</truncated>
		<difficult>Unspecified</difficult>
		<bndbox>
			<xmin>849</xmin>
			<ymin>532</ymin>
			<xmax>951</xmax>
			<ymax>605</ymax>
		</bndbox>
	</object>
</annotation>