<annotation>
	<folder>kathakali-characters</folder>
	<filename>00329.jpg</filename>
	<path>/kathakali-characters/00329.jpg</path>
	<source>
		<database>Unspecified</database>
	</source>
	<size>
		<width>462</width>
		<height>306</height>
		<depth>3</depth>
	</size>
	<object>
		<name>Kathi</name>
		<pose>Unspecified</pose>
		<truncated>Unspecified</truncated>
		<difficult>Unspecified</difficult>
		<bndbox>
			<xmin>86</xmin>
			<ymin>56</ymin>
			<xmax>112</xmax>
			<ymax>87</ymax>
		</bndbox>
	</object>
</annotation>