<annotation>
	<folder>kathakali-characters</folder>
	<filename>00338.jpg</filename>
	<path>/kathakali-characters/00338.jpg</path>
	<source>
		<database>Unspecified</database>
	</source>
	<size>
		<width>720</width>
		<height>405</height>
		<depth>3</depth>
	</size>
	<object>
		<name>Pacha</name>
		<pose>Unspecified</pose>
		<truncated>Unspecified</truncated>
		<difficult>Unspecified</difficult>
		<bndbox>
			<xmin>274</xmin>
			<ymin>105</ymin>
			<xmax>340</xmax>
			<ymax>154</ymax>
		</bndbox>
	</object>
</annotation>