<annotation>
	<folder>kathakali-characters</folder>
	<filename>00333.jpg</filename>
	<path>/kathakali-characters/00333.jpg</path>
	<source>
		<database>Unspecified</database>
	</source>
	<size>
		<width>1278</width>
		<height>851</height>
		<depth>3</depth>
	</size>
	<object>
		<name>Pacha</name>
		<pose>Unspecified</pose>
		<truncated>Unspecified</truncated>
		<difficult>Unspecified</difficult>
		<bndbox>
			<xmin>555</xmin>
			<ymin>277</ymin>
			<xmax>681</xmax>
			<ymax>367</ymax>
		</bndbox>
	</object>
</annotation>