<annotation>
	<folder>kathakali-characters</folder>
	<filename>00339.jpg</filename>
	<path>/kathakali-characters/00339.jpg</path>
	<source>
		<database>Unspecified</database>
	</source>
	<size>
		<width>3008</width>
		<height>2000</height>
		<depth>3</depth>
	</size>
	<object>
		<name>Pacha</name>
		<pose>Unspecified</pose>
		<truncated>Unspecified</truncated>
		<difficult>Unspecified</difficult>
		<bndbox>
			<xmin>618</xmin>
			<ymin>753</ymin>
			<xmax>910</xmax>
			<ymax>942</ymax>
		</bndbox>
	</object>
	<object>
		<name>Pacha</name>
		<pose>Unspecified</pose>
		<truncated>Unspecified</truncated>
		<difficult>Unspecified</difficult>
		<bndbox>
			<xmin>1151</xmin>
			<ymin>709</ymin>
			<xmax>1226</xmax>
			<ymax>854</ymax>
		</bndbox>
	</object>
	<object>
		<name>Pacha</name>
		<pose>Unspecified</pose>
		<truncated>Unspecified</truncated>
		<difficult>Unspecified</difficult>
		<bndbox>
			<xmin>1397</xmin>
			<ymin>714</ymin>
			<xmax>1583</xmax>
			<ymax>849</ymax>
		</bndbox>
	</object>
	<object>
		<name>Pacha</name>
		<pose>Unspecified</pose>
		<truncated>Unspecified</truncated>
		<difficult>Unspecified</difficult>
		<bndbox>
			<xmin>1774</xmin>
			<ymin>732</ymin>
			<xmax>1904</xmax>
			<ymax>851</ymax>
		</bndbox>
	</object>
	<object>
		<name>Kathi</name>
		<pose>Unspecified</pose>
		<truncated>Unspecified</truncated>
		<difficult>Unspecified</difficult>
		<bndbox>
			<xmin>2080</xmin>
			<ymin>497</ymin>
			<xmax>2284</xmax>
			<ymax>660</ymax>
		</bndbox>
	</object>
</annotation>