<annotation>
	<folder>kathakali-characters</folder>
	<filename>00347.jpg</filename>
	<path>/kathakali-characters/00347.jpg</path>
	<source>
		<database>Unspecified</database>
	</source>
	<size>
		<width>1024</width>
		<height>640</height>
		<depth>3</depth>
	</size>
	<object>
		<name>Pacha</name>
		<pose>Unspecified</pose>
		<truncated>Unspecified</truncated>
		<difficult>Unspecified</difficult>
		<bndbox>
			<xmin>416</xmin>
			<ymin>200</ymin>
			<xmax>457</xmax>
			<ymax>249</ymax>
		</bndbox>
	</object>
</annotation>