<annotation>
	<folder>kathakali-characters</folder>
	<filename>00341.jpg</filename>
	<path>/kathakali-characters/00341.jpg</path>
	<source>
		<database>Unspecified</database>
	</source>
	<size>
		<width>432</width>
		<height>650</height>
		<depth>3</depth>
	</size>
	<object>
		<name>Pacha</name>
		<pose>Unspecified</pose>
		<truncated>Unspecified</truncated>
		<difficult>Unspecified</difficult>
		<bndbox>
			<xmin>288</xmin>
			<ymin>185</ymin>
			<xmax>362</xmax>
			<ymax>251</ymax>
		</bndbox>
	</object>
</annotation>