<annotation>
	<folder>kathakali-characters</folder>
	<filename>00342.jpg</filename>
	<path>/kathakali-characters/00342.jpg</path>
	<source>
		<database>Unspecified</database>
	</source>
	<size>
		<width>720</width>
		<height>382</height>
		<depth>3</depth>
	</size>
	<object>
		<name>Pacha</name>
		<pose>Unspecified</pose>
		<truncated>Unspecified</truncated>
		<difficult>Unspecified</difficult>
		<bndbox>
			<xmin>173</xmin>
			<ymin>130</ymin>
			<xmax>245</xmax>
			<ymax>179</ymax>
		</bndbox>
	</object>
</annotation>