<annotation>
	<folder>kathakali-characters</folder>
	<filename>00344.jpg</filename>
	<path>/kathakali-characters/00344.jpg</path>
	<source>
		<database>Unspecified</database>
	</source>
	<size>
		<width>860</width>
		<height>800</height>
		<depth>3</depth>
	</size>
	<object>
		<name>Pacha</name>
		<pose>Unspecified</pose>
		<truncated>Unspecified</truncated>
		<difficult>Unspecified</difficult>
		<bndbox>
			<xmin>316</xmin>
			<ymin>291</ymin>
			<xmax>515</xmax>
			<ymax>422</ymax>
		</bndbox>
	</object>
</annotation>