<annotation>
	<folder>kathakali-characters</folder>
	<filename>00345.jpg</filename>
	<path>/kathakali-characters/00345.jpg</path>
	<source>
		<database>Unspecified</database>
	</source>
	<size>
		<width>1280</width>
		<height>853</height>
		<depth>3</depth>
	</size>
	<object>
		<name>Pacha</name>
		<pose>Unspecified</pose>
		<truncated>Unspecified</truncated>
		<difficult>Unspecified</difficult>
		<bndbox>
			<xmin>347</xmin>
			<ymin>297</ymin>
			<xmax>458</xmax>
			<ymax>393</ymax>
		</bndbox>
	</object>
</annotation>