<annotation>
	<folder>kathakali-characters</folder>
	<filename>00343.jpg</filename>
	<path>/kathakali-characters/00343.jpg</path>
	<source>
		<database>Unspecified</database>
	</source>
	<size>
		<width>840</width>
		<height>560</height>
		<depth>3</depth>
	</size>
	<object>
		<name>Pacha</name>
		<pose>Unspecified</pose>
		<truncated>Unspecified</truncated>
		<difficult>Unspecified</difficult>
		<bndbox>
			<xmin>194</xmin>
			<ymin>120</ymin>
			<xmax>335</xmax>
			<ymax>242</ymax>
		</bndbox>
	</object>
</annotation>