<annotation>
	<folder>kathakali-characters</folder>
	<filename>00349.jpg</filename>
	<path>/kathakali-characters/00349.jpg</path>
	<source>
		<database>Unspecified</database>
	</source>
	<size>
		<width>800</width>
		<height>533</height>
		<depth>3</depth>
	</size>
	<object>
		<name>Pacha</name>
		<pose>Unspecified</pose>
		<truncated>Unspecified</truncated>
		<difficult>Unspecified</difficult>
		<bndbox>
			<xmin>355</xmin>
			<ymin>155</ymin>
			<xmax>387</xmax>
			<ymax>199</ymax>
		</bndbox>
	</object>
	<object>
		<name>Pacha</name>
		<pose>Unspecified</pose>
		<truncated>Unspecified</truncated>
		<difficult>Unspecified</difficult>
		<bndbox>
			<xmin>477</xmin>
			<ymin>452</ymin>
			<xmax>477</xmax>
			<ymax>453</ymax>
		</bndbox>
	</object>
</annotation>