<annotation>
	<folder>kathakali-characters</folder>
	<filename>00346.jpg</filename>
	<path>/kathakali-characters/00346.jpg</path>
	<source>
		<database>Unspecified</database>
	</source>
	<size>
		<width>480</width>
		<height>640</height>
		<depth>3</depth>
	</size>
	<object>
		<name>Pacha</name>
		<pose>Unspecified</pose>
		<truncated>Unspecified</truncated>
		<difficult>Unspecified</difficult>
		<bndbox>
			<xmin>163</xmin>
			<ymin>301</ymin>
			<xmax>366</xmax>
			<ymax>444</ymax>
		</bndbox>
	</object>
</annotation>