<annotation>
	<folder>kathakali-characters</folder>
	<filename>00348.jpg</filename>
	<path>/kathakali-characters/00348.jpg</path>
	<source>
		<database>Unspecified</database>
	</source>
	<size>
		<width>1200</width>
		<height>781</height>
		<depth>3</depth>
	</size>
	<object>
		<name>Pacha</name>
		<pose>Unspecified</pose>
		<truncated>Unspecified</truncated>
		<difficult>Unspecified</difficult>
		<bndbox>
			<xmin>578</xmin>
			<ymin>214</ymin>
			<xmax>648</xmax>
			<ymax>273</ymax>
		</bndbox>
	</object>
</annotation>