<annotation>
	<folder>kathakali-characters</folder>
	<filename>00350.jpg</filename>
	<path>/kathakali-characters/00350.jpg</path>
	<source>
		<database>Unspecified</database>
	</source>
	<size>
		<width>370</width>
		<height>300</height>
		<depth>3</depth>
	</size>
	<object>
		<name>Pacha</name>
		<pose>Unspecified</pose>
		<truncated>Unspecified</truncated>
		<difficult>Unspecified</difficult>
		<bndbox>
			<xmin>62</xmin>
			<ymin>88</ymin>
			<xmax>95</xmax>
			<ymax>113</ymax>
		</bndbox>
	</object>
	<object>
		<name>Pacha</name>
		<pose>Unspecified</pose>
		<truncated>Unspecified</truncated>
		<difficult>Unspecified</difficult>
		<bndbox>
			<xmin>136</xmin>
			<ymin>130</ymin>
			<xmax>156</xmax>
			<ymax>145</ymax>
		</bndbox>
	</object>
	<object>
		<name>Pacha</name>
		<pose>Unspecified</pose>
		<truncated>Unspecified</truncated>
		<difficult>Unspecified</difficult>
		<bndbox>
			<xmin>233</xmin>
			<ymin>103</ymin>
			<xmax>262</xmax>
			<ymax>126</ymax>
		</bndbox>
	</object>
</annotation>