<annotation>
	<folder>kathakali-characters</folder>
	<filename>00351.jpg</filename>
	<path>/kathakali-characters/00351.jpg</path>
	<source>
		<database>Unspecified</database>
	</source>
	<size>
		<width>1000</width>
		<height>707</height>
		<depth>3</depth>
	</size>
	<object>
		<name>Pacha</name>
		<pose>Unspecified</pose>
		<truncated>Unspecified</truncated>
		<difficult>Unspecified</difficult>
		<bndbox>
			<xmin>398</xmin>
			<ymin>299</ymin>
			<xmax>650</xmax>
			<ymax>474</ymax>
		</bndbox>
	</object>
</annotation>