<annotation>
	<folder>kathakali-characters</folder>
	<filename>00358.jpg</filename>
	<path>/kathakali-characters/00358.jpg</path>
	<source>
		<database>Unspecified</database>
	</source>
	<size>
		<width>900</width>
		<height>563</height>
		<depth>3</depth>
	</size>
	<object>
		<name>Pacha</name>
		<pose>Unspecified</pose>
		<truncated>Unspecified</truncated>
		<difficult>Unspecified</difficult>
		<bndbox>
			<xmin>270</xmin>
			<ymin>246</ymin>
			<xmax>386</xmax>
			<ymax>349</ymax>
		</bndbox>
	</object>
</annotation>