<annotation>
	<folder>kathakali-characters</folder>
	<filename>00353.jpg</filename>
	<path>/kathakali-characters/00353.jpg</path>
	<source>
		<database>Unspecified</database>
	</source>
	<size>
		<width>669</width>
		<height>1000</height>
		<depth>3</depth>
	</size>
	<object>
		<name>Pacha</name>
		<pose>Unspecified</pose>
		<truncated>Unspecified</truncated>
		<difficult>Unspecified</difficult>
		<bndbox>
			<xmin>115</xmin>
			<ymin>340</ymin>
			<xmax>611</xmax>
			<ymax>692</ymax>
		</bndbox>
	</object>
</annotation>