<annotation>
	<folder>kathakali-characters</folder>
	<filename>00356.jpg</filename>
	<path>/kathakali-characters/00356.jpg</path>
	<source>
		<database>Unspecified</database>
	</source>
	<size>
		<width>1068</width>
		<height>869</height>
		<depth>3</depth>
	</size>
	<object>
		<name>Pacha</name>
		<pose>Unspecified</pose>
		<truncated>Unspecified</truncated>
		<difficult>Unspecified</difficult>
		<bndbox>
			<xmin>409</xmin>
			<ymin>519</ymin>
			<xmax>686</xmax>
			<ymax>715</ymax>
		</bndbox>
	</object>
</annotation>