<annotation>
	<folder>kathakali-characters</folder>
	<filename>00354.jpg</filename>
	<path>/kathakali-characters/00354.jpg</path>
	<source>
		<database>Unspecified</database>
	</source>
	<size>
		<width>671</width>
		<height>1000</height>
		<depth>3</depth>
	</size>
	<object>
		<name>Kathi</name>
		<pose>Unspecified</pose>
		<truncated>Unspecified</truncated>
		<difficult>Unspecified</difficult>
		<bndbox>
			<xmin>71</xmin>
			<ymin>308</ymin>
			<xmax>610</xmax>
			<ymax>690</ymax>
		</bndbox>
	</object>
</annotation>