<annotation>
	<folder>kathakali-characters</folder>
	<filename>00352.jpg</filename>
	<path>/kathakali-characters/00352.jpg</path>
	<source>
		<database>Unspecified</database>
	</source>
	<size>
		<width>1188</width>
		<height>800</height>
		<depth>3</depth>
	</size>
	<object>
		<name>Pacha</name>
		<pose>Unspecified</pose>
		<truncated>Unspecified</truncated>
		<difficult>Unspecified</difficult>
		<bndbox>
			<xmin>345</xmin>
			<ymin>234</ymin>
			<xmax>471</xmax>
			<ymax>320</ymax>
		</bndbox>
	</object>
</annotation>