<annotation>
	<folder>kathakali-characters</folder>
	<filename>00357.jpg</filename>
	<path>/kathakali-characters/00357.jpg</path>
	<source>
		<database>Unspecified</database>
	</source>
	<size>
		<width>350</width>
		<height>425</height>
		<depth>3</depth>
	</size>
	<object>
		<name>Pacha</name>
		<pose>Unspecified</pose>
		<truncated>Unspecified</truncated>
		<difficult>Unspecified</difficult>
		<bndbox>
			<xmin>83</xmin>
			<ymin>179</ymin>
			<xmax>216</xmax>
			<ymax>278</ymax>
		</bndbox>
	</object>
</annotation>