<annotation>
	<folder>kathakali-characters</folder>
	<filename>00355.jpg</filename>
	<path>/kathakali-characters/00355.jpg</path>
	<source>
		<database>Unspecified</database>
	</source>
	<size>
		<width>3648</width>
		<height>2736</height>
		<depth>3</depth>
	</size>
	<object>
		<name>Pacha</name>
		<pose>Unspecified</pose>
		<truncated>Unspecified</truncated>
		<difficult>Unspecified</difficult>
		<bndbox>
			<xmin>1290</xmin>
			<ymin>1019</ymin>
			<xmax>1421</xmax>
			<ymax>1140</ymax>
		</bndbox>
	</object>
</annotation>