<annotation>
	<folder>kathakali-characters</folder>
	<filename>00368.jpg</filename>
	<path>/kathakali-characters/00368.jpg</path>
	<source>
		<database>Unspecified</database>
	</source>
	<size>
		<width>1000</width>
		<height>667</height>
		<depth>3</depth>
	</size>
	<object>
		<name>Pacha</name>
		<pose>Unspecified</pose>
		<truncated>Unspecified</truncated>
		<difficult>Unspecified</difficult>
		<bndbox>
			<xmin>465</xmin>
			<ymin>149</ymin>
			<xmax>548</xmax>
			<ymax>214</ymax>
		</bndbox>
	</object>
</annotation>