<annotation>
	<folder>kathakali-characters</folder>
	<filename>00361.jpg</filename>
	<path>/kathakali-characters/00361.jpg</path>
	<source>
		<database>Unspecified</database>
	</source>
	<size>
		<width>963</width>
		<height>561</height>
		<depth>3</depth>
	</size>
	<object>
		<name>Pacha</name>
		<pose>Unspecified</pose>
		<truncated>Unspecified</truncated>
		<difficult>Unspecified</difficult>
		<bndbox>
			<xmin>145</xmin>
			<ymin>150</ymin>
			<xmax>204</xmax>
			<ymax>194</ymax>
		</bndbox>
	</object>
	<object>
		<name>Pacha</name>
		<pose>Unspecified</pose>
		<truncated>Unspecified</truncated>
		<difficult>Unspecified</difficult>
		<bndbox>
			<xmin>251</xmin>
			<ymin>292</ymin>
			<xmax>316</xmax>
			<ymax>348</ymax>
		</bndbox>
	</object>
	<object>
		<name>Kathi</name>
		<pose>Unspecified</pose>
		<truncated>Unspecified</truncated>
		<difficult>Unspecified</difficult>
		<bndbox>
			<xmin>472</xmin>
			<ymin>229</ymin>
			<xmax>538</xmax>
			<ymax>279</ymax>
		</bndbox>
	</object>
</annotation>