<annotation>
	<folder>kathakali-characters</folder>
	<filename>00369.jpg</filename>
	<path>/kathakali-characters/00369.jpg</path>
	<source>
		<database>Unspecified</database>
	</source>
	<size>
		<width>1024</width>
		<height>681</height>
		<depth>3</depth>
	</size>
	<object>
		<name>Pacha</name>
		<pose>Unspecified</pose>
		<truncated>Unspecified</truncated>
		<difficult>Unspecified</difficult>
		<bndbox>
			<xmin>297</xmin>
			<ymin>284</ymin>
			<xmax>403</xmax>
			<ymax>380</ymax>
		</bndbox>
	</object>
</annotation>