<annotation>
	<folder>kathakali-characters</folder>
	<filename>00362.jpg</filename>
	<path>/kathakali-characters/00362.jpg</path>
	<source>
		<database>Unspecified</database>
	</source>
	<size>
		<width>840</width>
		<height>529</height>
		<depth>3</depth>
	</size>
	<object>
		<name>Pacha</name>
		<pose>Unspecified</pose>
		<truncated>Unspecified</truncated>
		<difficult>Unspecified</difficult>
		<bndbox>
			<xmin>140</xmin>
			<ymin>164</ymin>
			<xmax>190</xmax>
			<ymax>202</ymax>
		</bndbox>
	</object>
	<object>
		<name>Pacha</name>
		<pose>Unspecified</pose>
		<truncated>Unspecified</truncated>
		<difficult>Unspecified</difficult>
		<bndbox>
			<xmin>229</xmin>
			<ymin>283</ymin>
			<xmax>283</xmax>
			<ymax>329</ymax>
		</bndbox>
	</object>
	<object>
		<name>Kathi</name>
		<pose>Unspecified</pose>
		<truncated>Unspecified</truncated>
		<difficult>Unspecified</difficult>
		<bndbox>
			<xmin>411</xmin>
			<ymin>230</ymin>
			<xmax>468</xmax>
			<ymax>272</ymax>
		</bndbox>
	</object>
</annotation>