<annotation>
	<folder>kathakali-characters</folder>
	<filename>00367.jpg</filename>
	<path>/kathakali-characters/00367.jpg</path>
	<source>
		<database>Unspecified</database>
	</source>
	<size>
		<width>1000</width>
		<height>667</height>
		<depth>3</depth>
	</size>
	<object>
		<name>Pacha</name>
		<pose>Unspecified</pose>
		<truncated>Unspecified</truncated>
		<difficult>Unspecified</difficult>
		<bndbox>
			<xmin>175</xmin>
			<ymin>192</ymin>
			<xmax>240</xmax>
			<ymax>245</ymax>
		</bndbox>
	</object>
	<object>
		<name>Pacha</name>
		<pose>Unspecified</pose>
		<truncated>Unspecified</truncated>
		<difficult>Unspecified</difficult>
		<bndbox>
			<xmin>432</xmin>
			<ymin>191</ymin>
			<xmax>496</xmax>
			<ymax>242</ymax>
		</bndbox>
	</object>
</annotation>