<annotation>
	<folder>kathakali-characters</folder>
	<filename>00364.jpg</filename>
	<path>/kathakali-characters/00364.jpg</path>
	<source>
		<database>Unspecified</database>
	</source>
	<size>
		<width>1490</width>
		<height>600</height>
		<depth>3</depth>
	</size>
	<object>
		<name>Pacha</name>
		<pose>Unspecified</pose>
		<truncated>Unspecified</truncated>
		<difficult>Unspecified</difficult>
		<bndbox>
			<xmin>338</xmin>
			<ymin>239</ymin>
			<xmax>545</xmax>
			<ymax>375</ymax>
		</bndbox>
	</object>
</annotation>