<annotation>
	<folder>kathakali-characters</folder>
	<filename>00365.jpg</filename>
	<path>/kathakali-characters/00365.jpg</path>
	<source>
		<database>Unspecified</database>
	</source>
	<size>
		<width>820</width>
		<height>617</height>
		<depth>3</depth>
	</size>
	<object>
		<name>Pacha</name>
		<pose>Unspecified</pose>
		<truncated>Unspecified</truncated>
		<difficult>Unspecified</difficult>
		<bndbox>
			<xmin>174</xmin>
			<ymin>242</ymin>
			<xmax>340</xmax>
			<ymax>357</ymax>
		</bndbox>
	</object>
</annotation>