<annotation>
	<folder>kathakali-characters</folder>
	<filename>00363.jpg</filename>
	<path>/kathakali-characters/00363.jpg</path>
	<source>
		<database>Unspecified</database>
	</source>
	<size>
		<width>187</width>
		<height>216</height>
		<depth>3</depth>
	</size>
	<object>
		<name>Pacha</name>
		<pose>Unspecified</pose>
		<truncated>Unspecified</truncated>
		<difficult>Unspecified</difficult>
		<bndbox>
			<xmin>80</xmin>
			<ymin>47</ymin>
			<xmax>105</xmax>
			<ymax>65</ymax>
		</bndbox>
	</object>
</annotation>