<annotation>
	<folder>kathakali-characters</folder>
	<filename>00360.jpg</filename>
	<path>/kathakali-characters/00360.jpg</path>
	<source>
		<database>Unspecified</database>
	</source>
	<size>
		<width>820</width>
		<height>447</height>
		<depth>3</depth>
	</size>
	<object>
		<name>Pacha</name>
		<pose>Unspecified</pose>
		<truncated>Unspecified</truncated>
		<difficult>Unspecified</difficult>
		<bndbox>
			<xmin>468</xmin>
			<ymin>179</ymin>
			<xmax>580</xmax>
			<ymax>256</ymax>
		</bndbox>
	</object>
</annotation>