<annotation>
	<folder>kathakali-characters</folder>
	<filename>00366.jpg</filename>
	<path>/kathakali-characters/00366.jpg</path>
	<source>
		<database>Unspecified</database>
	</source>
	<size>
		<width>1024</width>
		<height>615</height>
		<depth>3</depth>
	</size>
	<object>
		<name>Pacha</name>
		<pose>Unspecified</pose>
		<truncated>Unspecified</truncated>
		<difficult>Unspecified</difficult>
		<bndbox>
			<xmin>462</xmin>
			<ymin>254</ymin>
			<xmax>750</xmax>
			<ymax>475</ymax>
		</bndbox>
	</object>
</annotation>