<annotation>
	<folder>kathakali-characters</folder>
	<filename>00377.jpg</filename>
	<path>/kathakali-characters/00377.jpg</path>
	<source>
		<database>Unspecified</database>
	</source>
	<size>
		<width>1440</width>
		<height>900</height>
		<depth>3</depth>
	</size>
	<object>
		<name>Kathi</name>
		<pose>Unspecified</pose>
		<truncated>Unspecified</truncated>
		<difficult>Unspecified</difficult>
		<bndbox>
			<xmin>906</xmin>
			<ymin>354</ymin>
			<xmax>1185</xmax>
			<ymax>574</ymax>
		</bndbox>
	</object>
</annotation>