<annotation>
	<folder>kathakali-characters</folder>
	<filename>00379.jpg</filename>
	<path>/kathakali-characters/00379.jpg</path>
	<source>
		<database>Unspecified</database>
	</source>
	<size>
		<width>1280</width>
		<height>1024</height>
		<depth>3</depth>
	</size>
	<object>
		<name>Pacha</name>
		<pose>Unspecified</pose>
		<truncated>Unspecified</truncated>
		<difficult>Unspecified</difficult>
		<bndbox>
			<xmin>6</xmin>
			<ymin>283</ymin>
			<xmax>843</xmax>
			<ymax>917</ymax>
		</bndbox>
	</object>
</annotation>