<annotation>
	<folder>kathakali-characters</folder>
	<filename>00374.jpg</filename>
	<path>/kathakali-characters/00374.jpg</path>
	<source>
		<database>Unspecified</database>
	</source>
	<size>
		<width>700</width>
		<height>700</height>
		<depth>3</depth>
	</size>
	<object>
		<name>Pacha</name>
		<pose>Unspecified</pose>
		<truncated>Unspecified</truncated>
		<difficult>Unspecified</difficult>
		<bndbox>
			<xmin>39</xmin>
			<ymin>227</ymin>
			<xmax>82</xmax>
			<ymax>285</ymax>
		</bndbox>
	</object>
	<object>
		<name>Pacha</name>
		<pose>Unspecified</pose>
		<truncated>Unspecified</truncated>
		<difficult>Unspecified</difficult>
		<bndbox>
			<xmin>123</xmin>
			<ymin>280</ymin>
			<xmax>185</xmax>
			<ymax>321</ymax>
		</bndbox>
	</object>
	<object>
		<name>Pacha</name>
		<pose>Unspecified</pose>
		<truncated>Unspecified</truncated>
		<difficult>Unspecified</difficult>
		<bndbox>
			<xmin>274</xmin>
			<ymin>251</ymin>
			<xmax>335</xmax>
			<ymax>299</ymax>
		</bndbox>
	</object>
	<object>
		<name>Kathi</name>
		<pose>Unspecified</pose>
		<truncated>Unspecified</truncated>
		<difficult>Unspecified</difficult>
		<bndbox>
			<xmin>417</xmin>
			<ymin>179</ymin>
			<xmax>496</xmax>
			<ymax>250</ymax>
		</bndbox>
	</object>
</annotation>