<annotation>
	<folder>kathakali-characters</folder>
	<filename>00371.jpg</filename>
	<path>/kathakali-characters/00371.jpg</path>
	<source>
		<database>Unspecified</database>
	</source>
	<size>
		<width>500</width>
		<height>300</height>
		<depth>3</depth>
	</size>
	<object>
		<name>Pacha</name>
		<pose>Unspecified</pose>
		<truncated>Unspecified</truncated>
		<difficult>Unspecified</difficult>
		<bndbox>
			<xmin>62</xmin>
			<ymin>57</ymin>
			<xmax>354</xmax>
			<ymax>238</ymax>
		</bndbox>
	</object>
</annotation>