<annotation>
	<folder>kathakali-characters</folder>
	<filename>00373.jpg</filename>
	<path>/kathakali-characters/00373.jpg</path>
	<source>
		<database>Unspecified</database>
	</source>
	<size>
		<width>1670</width>
		<height>940</height>
		<depth>3</depth>
	</size>
	<object>
		<name>Pacha</name>
		<pose>Unspecified</pose>
		<truncated>Unspecified</truncated>
		<difficult>Unspecified</difficult>
		<bndbox>
			<xmin>679</xmin>
			<ymin>376</ymin>
			<xmax>867</xmax>
			<ymax>510</ymax>
		</bndbox>
	</object>
</annotation>