<annotation>
	<folder>kathakali-characters</folder>
	<filename>00372.jpg</filename>
	<path>/kathakali-characters/00372.jpg</path>
	<source>
		<database>Unspecified</database>
	</source>
	<size>
		<width>918</width>
		<height>608</height>
		<depth>3</depth>
	</size>
	<object>
		<name>Pacha</name>
		<pose>Unspecified</pose>
		<truncated>Unspecified</truncated>
		<difficult>Unspecified</difficult>
		<bndbox>
			<xmin>341</xmin>
			<ymin>177</ymin>
			<xmax>428</xmax>
			<ymax>260</ymax>
		</bndbox>
	</object>
</annotation>