<annotation>
	<folder>kathakali-characters</folder>
	<filename>00376.jpg</filename>
	<path>/kathakali-characters/00376.jpg</path>
	<source>
		<database>Unspecified</database>
	</source>
	<size>
		<width>1024</width>
		<height>649</height>
		<depth>3</depth>
	</size>
	<object>
		<name>Pacha</name>
		<pose>Unspecified</pose>
		<truncated>Unspecified</truncated>
		<difficult>Unspecified</difficult>
		<bndbox>
			<xmin>442</xmin>
			<ymin>235</ymin>
			<xmax>506</xmax>
			<ymax>282</ymax>
		</bndbox>
	</object>
</annotation>