<annotation>
	<folder>kathakali-characters</folder>
	<filename>00378.jpg</filename>
	<path>/kathakali-characters/00378.jpg</path>
	<source>
		<database>Unspecified</database>
	</source>
	<size>
		<width>1600</width>
		<height>1200</height>
		<depth>3</depth>
	</size>
	<object>
		<name>Pacha</name>
		<pose>Unspecified</pose>
		<truncated>Unspecified</truncated>
		<difficult>Unspecified</difficult>
		<bndbox>
			<xmin>1051</xmin>
			<ymin>262</ymin>
			<xmax>1212</xmax>
			<ymax>379</ymax>
		</bndbox>
	</object>
	<object>
		<name>Pacha</name>
		<pose>Unspecified</pose>
		<truncated>Unspecified</truncated>
		<difficult>Unspecified</difficult>
		<bndbox>
			<xmin>90</xmin>
			<ymin>303</ymin>
			<xmax>422</xmax>
			<ymax>546</ymax>
		</bndbox>
	</object>
</annotation>