<annotation>
	<folder>kathakali-characters</folder>
	<filename>00385.jpg</filename>
	<path>/kathakali-characters/00385.jpg</path>
	<source>
		<database>Unspecified</database>
	</source>
	<size>
		<width>264</width>
		<height>264</height>
		<depth>3</depth>
	</size>
	<object>
		<name>Pacha</name>
		<pose>Unspecified</pose>
		<truncated>Unspecified</truncated>
		<difficult>Unspecified</difficult>
		<bndbox>
			<xmin>136</xmin>
			<ymin>113</ymin>
			<xmax>264</xmax>
			<ymax>218</ymax>
		</bndbox>
	</object>
</annotation>