<annotation>
	<folder>kathakali-characters</folder>
	<filename>00382.jpg</filename>
	<path>/kathakali-characters/00382.jpg</path>
	<source>
		<database>Unspecified</database>
	</source>
	<size>
		<width>300</width>
		<height>318</height>
		<depth>3</depth>
	</size>
	<object>
		<name>Pacha</name>
		<pose>Unspecified</pose>
		<truncated>Unspecified</truncated>
		<difficult>Unspecified</difficult>
		<bndbox>
			<xmin>52</xmin>
			<ymin>65</ymin>
			<xmax>90</xmax>
			<ymax>93</ymax>
		</bndbox>
	</object>
	<object>
		<name>Pacha</name>
		<pose>Unspecified</pose>
		<truncated>Unspecified</truncated>
		<difficult>Unspecified</difficult>
		<bndbox>
			<xmin>184</xmin>
			<ymin>66</ymin>
			<xmax>227</xmax>
			<ymax>99</ymax>
		</bndbox>
	</object>
</annotation>