<annotation>
	<folder>kathakali-characters</folder>
	<filename>00387.jpg</filename>
	<path>/kathakali-characters/00387.jpg</path>
	<source>
		<database>Unspecified</database>
	</source>
	<size>
		<width>1600</width>
		<height>1221</height>
		<depth>3</depth>
	</size>
	<object>
		<name>Pacha</name>
		<pose>Unspecified</pose>
		<truncated>Unspecified</truncated>
		<difficult>Unspecified</difficult>
		<bndbox>
			<xmin>717</xmin>
			<ymin>373</ymin>
			<xmax>962</xmax>
			<ymax>548</ymax>
		</bndbox>
	</object>
</annotation>