<annotation>
	<folder>kathakali-characters</folder>
	<filename>00383.jpg</filename>
	<path>/kathakali-characters/00383.jpg</path>
	<source>
		<database>Unspecified</database>
	</source>
	<size>
		<width>1000</width>
		<height>665</height>
		<depth>3</depth>
	</size>
	<object>
		<name>Pacha</name>
		<pose>Unspecified</pose>
		<truncated>Unspecified</truncated>
		<difficult>Unspecified</difficult>
		<bndbox>
			<xmin>194</xmin>
			<ymin>129</ymin>
			<xmax>803</xmax>
			<ymax>573</ymax>
		</bndbox>
	</object>
</annotation>