<annotation>
	<folder>kathakali-characters</folder>
	<filename>00381.jpg</filename>
	<path>/kathakali-characters/00381.jpg</path>
	<source>
		<database>Unspecified</database>
	</source>
	<size>
		<width>240</width>
		<height>331</height>
		<depth>3</depth>
	</size>
	<object>
		<name>Pacha</name>
		<pose>Unspecified</pose>
		<truncated>Unspecified</truncated>
		<difficult>Unspecified</difficult>
		<bndbox>
			<xmin>116</xmin>
			<ymin>110</ymin>
			<xmax>167</xmax>
			<ymax>157</ymax>
		</bndbox>
	</object>
</annotation>