<annotation>
	<folder>kathakali-characters</folder>
	<filename>00386.jpg</filename>
	<path>/kathakali-characters/00386.jpg</path>
	<source>
		<database>Unspecified</database>
	</source>
	<size>
		<width>133</width>
		<height>110</height>
		<depth>3</depth>
	</size>
	<object>
		<name>Pacha</name>
		<pose>Unspecified</pose>
		<truncated>Unspecified</truncated>
		<difficult>Unspecified</difficult>
		<bndbox>
			<xmin>37</xmin>
			<ymin>30</ymin>
			<xmax>106</xmax>
			<ymax>83</ymax>
		</bndbox>
	</object>
</annotation>