<annotation>
	<folder>kathakali-characters</folder>
	<filename>00380.jpg</filename>
	<path>/kathakali-characters/00380.jpg</path>
	<source>
		<database>Unspecified</database>
	</source>
	<size>
		<width>1920</width>
		<height>1200</height>
		<depth>3</depth>
	</size>
	<object>
		<name>Pacha</name>
		<pose>Unspecified</pose>
		<truncated>Unspecified</truncated>
		<difficult>Unspecified</difficult>
		<bndbox>
			<xmin>1419</xmin>
			<ymin>405</ymin>
			<xmax>1661</xmax>
			<ymax>660</ymax>
		</bndbox>
	</object>
</annotation>