<annotation>
	<folder>kathakali-characters</folder>
	<filename>00389.jpg</filename>
	<path>/kathakali-characters/00389.jpg</path>
	<source>
		<database>Unspecified</database>
	</source>
	<size>
		<width>1000</width>
		<height>650</height>
		<depth>3</depth>
	</size>
	<object>
		<name>Pacha</name>
		<pose>Unspecified</pose>
		<truncated>Unspecified</truncated>
		<difficult>Unspecified</difficult>
		<bndbox>
			<xmin>304</xmin>
			<ymin>182</ymin>
			<xmax>416</xmax>
			<ymax>251</ymax>
		</bndbox>
	</object>
</annotation>