<annotation>
	<folder>kathakali-characters</folder>
	<filename>00384.jpg</filename>
	<path>/kathakali-characters/00384.jpg</path>
	<source>
		<database>Unspecified</database>
	</source>
	<size>
		<width>1600</width>
		<height>900</height>
		<depth>3</depth>
	</size>
	<object>
		<name>Kathi</name>
		<pose>Unspecified</pose>
		<truncated>Unspecified</truncated>
		<difficult>Unspecified</difficult>
		<bndbox>
			<xmin>456</xmin>
			<ymin>260</ymin>
			<xmax>617</xmax>
			<ymax>381</ymax>
		</bndbox>
	</object>
</annotation>