<annotation>
	<folder>kathakali-characters</folder>
	<filename>00399.jpg</filename>
	<path>/kathakali-characters/00399.jpg</path>
	<source>
		<database>Unspecified</database>
	</source>
	<size>
		<width>600</width>
		<height>400</height>
		<depth>3</depth>
	</size>
	<object>
		<name>Pacha</name>
		<pose>Unspecified</pose>
		<truncated>Unspecified</truncated>
		<difficult>Unspecified</difficult>
		<bndbox>
			<xmin>40</xmin>
			<ymin>36</ymin>
			<xmax>414</xmax>
			<ymax>339</ymax>
		</bndbox>
	</object>
</annotation>