<annotation>
	<folder>kathakali-characters</folder>
	<filename>00391.jpg</filename>
	<path>/kathakali-characters/00391.jpg</path>
	<source>
		<database>Unspecified</database>
	</source>
	<size>
		<width>588</width>
		<height>894</height>
		<depth>3</depth>
	</size>
	<object>
		<name>Pacha</name>
		<pose>Unspecified</pose>
		<truncated>Unspecified</truncated>
		<difficult>Unspecified</difficult>
		<bndbox>
			<xmin>192</xmin>
			<ymin>376</ymin>
			<xmax>404</xmax>
			<ymax>523</ymax>
		</bndbox>
	</object>
</annotation>