<annotation>
	<folder>kathakali-characters</folder>
	<filename>00396.jpg</filename>
	<path>/kathakali-characters/00396.jpg</path>
	<source>
		<database>Unspecified</database>
	</source>
	<size>
		<width>1130</width>
		<height>1600</height>
		<depth>3</depth>
	</size>
	<object>
		<name>Pacha</name>
		<pose>Unspecified</pose>
		<truncated>Unspecified</truncated>
		<difficult>Unspecified</difficult>
		<bndbox>
			<xmin>454</xmin>
			<ymin>927</ymin>
			<xmax>742</xmax>
			<ymax>1184</ymax>
		</bndbox>
	</object>
</annotation>