<annotation>
	<folder>kathakali-characters</folder>
	<filename>00392.jpg</filename>
	<path>/kathakali-characters/00392.jpg</path>
	<source>
		<database>Unspecified</database>
	</source>
	<size>
		<width>944</width>
		<height>640</height>
		<depth>3</depth>
	</size>
	<object>
		<name>Pacha</name>
		<pose>Unspecified</pose>
		<truncated>Unspecified</truncated>
		<difficult>Unspecified</difficult>
		<bndbox>
			<xmin>425</xmin>
			<ymin>229</ymin>
			<xmax>494</xmax>
			<ymax>285</ymax>
		</bndbox>
	</object>
</annotation>