<annotation>
	<folder>kathakali-characters</folder>
	<filename>00393.jpg</filename>
	<path>/kathakali-characters/00393.jpg</path>
	<source>
		<database>Unspecified</database>
	</source>
	<size>
		<width>500</width>
		<height>310</height>
		<depth>3</depth>
	</size>
	<object>
		<name>Pacha</name>
		<pose>Unspecified</pose>
		<truncated>Unspecified</truncated>
		<difficult>Unspecified</difficult>
		<bndbox>
			<xmin>50</xmin>
			<ymin>26</ymin>
			<xmax>433</xmax>
			<ymax>293</ymax>
		</bndbox>
	</object>
</annotation>