<annotation>
	<folder>kathakali-characters</folder>
	<filename>00395.jpg</filename>
	<path>/kathakali-characters/00395.jpg</path>
	<source>
		<database>Unspecified</database>
	</source>
	<size>
		<width>680</width>
		<height>1023</height>
		<depth>3</depth>
	</size>
	<object>
		<name>Pacha</name>
		<pose>Unspecified</pose>
		<truncated>Unspecified</truncated>
		<difficult>Unspecified</difficult>
		<bndbox>
			<xmin>255</xmin>
			<ymin>232</ymin>
			<xmax>429</xmax>
			<ymax>355</ymax>
		</bndbox>
	</object>
</annotation>