<annotation>
	<folder>kathakali-characters</folder>
	<filename>00394.jpg</filename>
	<path>/kathakali-characters/00394.jpg</path>
	<source>
		<database>Unspecified</database>
	</source>
	<size>
		<width>1689</width>
		<height>2551</height>
		<depth>3</depth>
	</size>
	<object>
		<name>Pacha</name>
		<pose>Unspecified</pose>
		<truncated>Unspecified</truncated>
		<difficult>Unspecified</difficult>
		<bndbox>
			<xmin>203</xmin>
			<ymin>746</ymin>
			<xmax>684</xmax>
			<ymax>1099</ymax>
		</bndbox>
	</object>
</annotation>