<annotation>
	<folder>kathakali-characters</folder>
	<filename>00397.jpg</filename>
	<path>/kathakali-characters/00397.jpg</path>
	<source>
		<database>Unspecified</database>
	</source>
	<size>
		<width>640</width>
		<height>640</height>
		<depth>3</depth>
	</size>
	<object>
		<name>Pacha</name>
		<pose>Unspecified</pose>
		<truncated>Unspecified</truncated>
		<difficult>Unspecified</difficult>
		<bndbox>
			<xmin>247</xmin>
			<ymin>171</ymin>
			<xmax>320</xmax>
			<ymax>225</ymax>
		</bndbox>
	</object>
</annotation>