<annotation>
	<folder>kathakali-characters</folder>
	<filename>00398.jpg</filename>
	<path>/kathakali-characters/00398.jpg</path>
	<source>
		<database>Unspecified</database>
	</source>
	<size>
		<width>1024</width>
		<height>768</height>
		<depth>3</depth>
	</size>
	<object>
		<name>Pacha</name>
		<pose>Unspecified</pose>
		<truncated>Unspecified</truncated>
		<difficult>Unspecified</difficult>
		<bndbox>
			<xmin>720</xmin>
			<ymin>346</ymin>
			<xmax>812</xmax>
			<ymax>431</ymax>
		</bndbox>
	</object>
</annotation>