<annotation>
	<folder>kathakali-characters</folder>
	<filename>00390.jpg</filename>
	<path>/kathakali-characters/00390.jpg</path>
	<source>
		<database>Unspecified</database>
	</source>
	<size>
		<width>600</width>
		<height>500</height>
		<depth>3</depth>
	</size>
	<object>
		<name>Pacha</name>
		<pose>Unspecified</pose>
		<truncated>Unspecified</truncated>
		<difficult>Unspecified</difficult>
		<bndbox>
			<xmin>245</xmin>
			<ymin>131</ymin>
			<xmax>331</xmax>
			<ymax>195</ymax>
		</bndbox>
	</object>
</annotation>