<annotation>
	<folder>kathakali-characters</folder>
	<filename>00403.jpg</filename>
	<path>/kathakali-characters/00403.jpg</path>
	<source>
		<database>Unspecified</database>
	</source>
	<size>
		<width>1600</width>
		<height>1200</height>
		<depth>3</depth>
	</size>
	<object>
		<name>Pacha</name>
		<pose>Unspecified</pose>
		<truncated>Unspecified</truncated>
		<difficult>Unspecified</difficult>
		<bndbox>
			<xmin>506</xmin>
			<ymin>469</ymin>
			<xmax>625</xmax>
			<ymax>543</ymax>
		</bndbox>
	</object>
</annotation>