<annotation>
	<folder>kathakali-characters</folder>
	<filename>00400.jpg</filename>
	<path>/kathakali-characters/00400.jpg</path>
	<source>
		<database>Unspecified</database>
	</source>
	<size>
		<width>1600</width>
		<height>1066</height>
		<depth>3</depth>
	</size>
	<object>
		<name>Pacha</name>
		<pose>Unspecified</pose>
		<truncated>Unspecified</truncated>
		<difficult>Unspecified</difficult>
		<bndbox>
			<xmin>663</xmin>
			<ymin>255</ymin>
			<xmax>910</xmax>
			<ymax>425</ymax>
		</bndbox>
	</object>
</annotation>