<annotation>
	<folder>kathakali-characters</folder>
	<filename>00407.jpg</filename>
	<path>/kathakali-characters/00407.jpg</path>
	<source>
		<database>Unspecified</database>
	</source>
	<size>
		<width>1024</width>
		<height>768</height>
		<depth>3</depth>
	</size>
	<object>
		<name>Pacha</name>
		<pose>Unspecified</pose>
		<truncated>Unspecified</truncated>
		<difficult>Unspecified</difficult>
		<bndbox>
			<xmin>171</xmin>
			<ymin>212</ymin>
			<xmax>278</xmax>
			<ymax>311</ymax>
		</bndbox>
	</object>
</annotation>