<annotation>
	<folder>kathakali-characters</folder>
	<filename>00419.jpg</filename>
	<path>/kathakali-characters/00419.jpg</path>
	<source>
		<database>Unspecified</database>
	</source>
	<size>
		<width>2731</width>
		<height>4096</height>
		<depth>3</depth>
	</size>
	<object>
		<name>Pacha</name>
		<pose>Unspecified</pose>
		<truncated>Unspecified</truncated>
		<difficult>Unspecified</difficult>
		<bndbox>
			<xmin>208</xmin>
			<ymin>1346</ymin>
			<xmax>2486</xmax>
			<ymax>3031</ymax>
		</bndbox>
	</object>
</annotation>