<annotation>
	<folder>kathakali-characters</folder>
	<filename>00415.jpg</filename>
	<path>/kathakali-characters/00415.jpg</path>
	<source>
		<database>Unspecified</database>
	</source>
	<size>
		<width>2048</width>
		<height>3072</height>
		<depth>3</depth>
	</size>
	<object>
		<name>Pacha</name>
		<pose>Unspecified</pose>
		<truncated>Unspecified</truncated>
		<difficult>Unspecified</difficult>
		<bndbox>
			<xmin>430</xmin>
			<ymin>942</ymin>
			<xmax>1880</xmax>
			<ymax>2130</ymax>
		</bndbox>
	</object>
</annotation>