<annotation>
	<folder>kathakali-characters</folder>
	<filename>00410.jpg</filename>
	<path>/kathakali-characters/00410.jpg</path>
	<source>
		<database>Unspecified</database>
	</source>
	<size>
		<width>1155</width>
		<height>1732</height>
		<depth>3</depth>
	</size>
	<object>
		<name>Pacha</name>
		<pose>Unspecified</pose>
		<truncated>Unspecified</truncated>
		<difficult>Unspecified</difficult>
		<bndbox>
			<xmin>399</xmin>
			<ymin>410</ymin>
			<xmax>617</xmax>
			<ymax>549</ymax>
		</bndbox>
	</object>
</annotation>