<annotation>
	<folder>kathakali-characters</folder>
	<filename>00416.jpg</filename>
	<path>/kathakali-characters/00416.jpg</path>
	<source>
		<database>Unspecified</database>
	</source>
	<size>
		<width>4752</width>
		<height>3168</height>
		<depth>3</depth>
	</size>
	<object>
		<name>Kathi</name>
		<pose>Unspecified</pose>
		<truncated>Unspecified</truncated>
		<difficult>Unspecified</difficult>
		<bndbox>
			<xmin>1894</xmin>
			<ymin>266</ymin>
			<xmax>3603</xmax>
			<ymax>2750</ymax>
		</bndbox>
	</object>
</annotation>