<annotation>
	<folder>kathakali-characters</folder>
	<filename>00413.jpg</filename>
	<path>/kathakali-characters/00413.jpg</path>
	<source>
		<database>Unspecified</database>
	</source>
	<size>
		<width>1732</width>
		<height>1155</height>
		<depth>3</depth>
	</size>
	<object>
		<name>Pacha</name>
		<pose>Unspecified</pose>
		<truncated>Unspecified</truncated>
		<difficult>Unspecified</difficult>
		<bndbox>
			<xmin>272</xmin>
			<ymin>602</ymin>
			<xmax>492</xmax>
			<ymax>750</ymax>
		</bndbox>
	</object>
</annotation>