<annotation>
	<folder>kathakali-characters</folder>
	<filename>00418.jpg</filename>
	<path>/kathakali-characters/00418.jpg</path>
	<source>
		<database>Unspecified</database>
	</source>
	<size>
		<width>2128</width>
		<height>1416</height>
		<depth>3</depth>
	</size>
	<object>
		<name>Pacha</name>
		<pose>Unspecified</pose>
		<truncated>Unspecified</truncated>
		<difficult>Unspecified</difficult>
		<bndbox>
			<xmin>797</xmin>
			<ymin>399</ymin>
			<xmax>1010</xmax>
			<ymax>561</ymax>
		</bndbox>
	</object>
</annotation>