<annotation>
	<folder>kathakali-characters</folder>
	<filename>00426.jpg</filename>
	<path>/kathakali-characters/00426.jpg</path>
	<source>
		<database>Unspecified</database>
	</source>
	<size>
		<width>1280</width>
		<height>960</height>
		<depth>3</depth>
	</size>
	<object>
		<name>Pacha</name>
		<pose>Unspecified</pose>
		<truncated>Unspecified</truncated>
		<difficult>Unspecified</difficult>
		<bndbox>
			<xmin>597</xmin>
			<ymin>314</ymin>
			<xmax>706</xmax>
			<ymax>399</ymax>
		</bndbox>
	</object>
</annotation>