<annotation>
	<folder>kathakali-characters</folder>
	<filename>00425.jpg</filename>
	<path>/kathakali-characters/00425.jpg</path>
	<source>
		<database>Unspecified</database>
	</source>
	<size>
		<width>720</width>
		<height>1028</height>
		<depth>3</depth>
	</size>
	<object>
		<name>Pacha</name>
		<pose>Unspecified</pose>
		<truncated>Unspecified</truncated>
		<difficult>Unspecified</difficult>
		<bndbox>
			<xmin>213</xmin>
			<ymin>430</ymin>
			<xmax>460</xmax>
			<ymax>674</ymax>
		</bndbox>
	</object>
</annotation>