<annotation>
	<folder>kathakali-characters</folder>
	<filename>00422.jpg</filename>
	<path>/kathakali-characters/00422.jpg</path>
	<source>
		<database>Unspecified</database>
	</source>
	<size>
		<width>2499</width>
		<height>3749</height>
		<depth>3</depth>
	</size>
	<object>
		<name>Kathi</name>
		<pose>Unspecified</pose>
		<truncated>Unspecified</truncated>
		<difficult>Unspecified</difficult>
		<bndbox>
			<xmin>786</xmin>
			<ymin>1523</ymin>
			<xmax>1742</xmax>
			<ymax>2173</ymax>
		</bndbox>
	</object>
</annotation>