<annotation>
	<folder>kathakali-characters</folder>
	<filename>00421.jpg</filename>
	<path>/kathakali-characters/00421.jpg</path>
	<source>
		<database>Unspecified</database>
	</source>
	<size>
		<width>1000</width>
		<height>665</height>
		<depth>3</depth>
	</size>
	<object>
		<name>Pacha</name>
		<pose>Unspecified</pose>
		<truncated>Unspecified</truncated>
		<difficult>Unspecified</difficult>
		<bndbox>
			<xmin>243</xmin>
			<ymin>220</ymin>
			<xmax>700</xmax>
			<ymax>530</ymax>
		</bndbox>
	</object>
</annotation>