<annotation>
	<folder>kathakali-characters</folder>
	<filename>00424.jpg</filename>
	<path>/kathakali-characters/00424.jpg</path>
	<source>
		<database>Unspecified</database>
	</source>
	<size>
		<width>738</width>
		<height>1024</height>
		<depth>3</depth>
	</size>
	<object>
		<name>Pacha</name>
		<pose>Unspecified</pose>
		<truncated>Unspecified</truncated>
		<difficult>Unspecified</difficult>
		<bndbox>
			<xmin>211</xmin>
			<ymin>580</ymin>
			<xmax>657</xmax>
			<ymax>878</ymax>
		</bndbox>
	</object>
</annotation>