<annotation>
	<folder>kathakali-characters</folder>
	<filename>00420.jpg</filename>
	<path>/kathakali-characters/00420.jpg</path>
	<source>
		<database>Unspecified</database>
	</source>
	<size>
		<width>1000</width>
		<height>665</height>
		<depth>3</depth>
	</size>
	<object>
		<name>Pacha</name>
		<pose>Unspecified</pose>
		<truncated>Unspecified</truncated>
		<difficult>Unspecified</difficult>
		<bndbox>
			<xmin>254</xmin>
			<ymin>223</ymin>
			<xmax>716</xmax>
			<ymax>535</ymax>
		</bndbox>
	</object>
</annotation>