<annotation>
	<folder>kathakali-characters</folder>
	<filename>00427.jpg</filename>
	<path>/kathakali-characters/00427.jpg</path>
	<source>
		<database>Unspecified</database>
	</source>
	<size>
		<width>5184</width>
		<height>3456</height>
		<depth>3</depth>
	</size>
	<object>
		<name>Kathi</name>
		<pose>Unspecified</pose>
		<truncated>Unspecified</truncated>
		<difficult>Unspecified</difficult>
		<bndbox>
			<xmin>2178</xmin>
			<ymin>1221</ymin>
			<xmax>3359</xmax>
			<ymax>2553</ymax>
		</bndbox>
	</object>
</annotation>