<annotation>
	<folder>kathakali-characters</folder>
	<filename>00428.jpg</filename>
	<path>/kathakali-characters/00428.jpg</path>
	<source>
		<database>Unspecified</database>
	</source>
	<size>
		<width>720</width>
		<height>1280</height>
		<depth>3</depth>
	</size>
	<object>
		<name>Pacha</name>
		<pose>Unspecified</pose>
		<truncated>Unspecified</truncated>
		<difficult>Unspecified</difficult>
		<bndbox>
			<xmin>308</xmin>
			<ymin>434</ymin>
			<xmax>449</xmax>
			<ymax>538</ymax>
		</bndbox>
	</object>
</annotation>