<annotation>
	<folder>kathakali-characters</folder>
	<filename>00429.jpg</filename>
	<path>/kathakali-characters/00429.jpg</path>
	<source>
		<database>Unspecified</database>
	</source>
	<size>
		<width>320</width>
		<height>251</height>
		<depth>3</depth>
	</size>
	<object>
		<name>Pacha</name>
		<pose>Unspecified</pose>
		<truncated>Unspecified</truncated>
		<difficult>Unspecified</difficult>
		<bndbox>
			<xmin>154</xmin>
			<ymin>94</ymin>
			<xmax>227</xmax>
			<ymax>146</ymax>
		</bndbox>
	</object>
</annotation>