<annotation>
	<folder>kathakali-characters</folder>
	<filename>00434.jpg</filename>
	<path>/kathakali-characters/00434.jpg</path>
	<source>
		<database>Unspecified</database>
	</source>
	<size>
		<width>1080</width>
		<height>1350</height>
		<depth>3</depth>
	</size>
	<object>
		<name>Kathi</name>
		<pose>Unspecified</pose>
		<truncated>Unspecified</truncated>
		<difficult>Unspecified</difficult>
		<bndbox>
			<xmin>481</xmin>
			<ymin>431</ymin>
			<xmax>630</xmax>
			<ymax>545</ymax>
		</bndbox>
	</object>
</annotation>