<annotation>
	<folder>kathakali-characters</folder>
	<filename>00439.jpg</filename>
	<path>/kathakali-characters/00439.jpg</path>
	<source>
		<database>Unspecified</database>
	</source>
	<size>
		<width>750</width>
		<height>937</height>
		<depth>3</depth>
	</size>
	<object>
		<name>Pacha</name>
		<pose>Unspecified</pose>
		<truncated>Unspecified</truncated>
		<difficult>Unspecified</difficult>
		<bndbox>
			<xmin>269</xmin>
			<ymin>250</ymin>
			<xmax>376</xmax>
			<ymax>331</ymax>
		</bndbox>
	</object>
</annotation>