<annotation>
	<folder>kathakali-characters</folder>
	<filename>00431.jpg</filename>
	<path>/kathakali-characters/00431.jpg</path>
	<source>
		<database>Unspecified</database>
	</source>
	<size>
		<width>1542</width>
		<height>2048</height>
		<depth>3</depth>
	</size>
	<object>
		<name>Pacha</name>
		<pose>Unspecified</pose>
		<truncated>Unspecified</truncated>
		<difficult>Unspecified</difficult>
		<bndbox>
			<xmin>462</xmin>
			<ymin>482</ymin>
			<xmax>672</xmax>
			<ymax>652</ymax>
		</bndbox>
	</object>
</annotation>