<annotation>
	<folder>kathakali-characters</folder>
	<filename>00430.jpg</filename>
	<path>/kathakali-characters/00430.jpg</path>
	<source>
		<database>Unspecified</database>
	</source>
	<size>
		<width>3264</width>
		<height>2448</height>
		<depth>3</depth>
	</size>
	<object>
		<name>Pacha</name>
		<pose>Unspecified</pose>
		<truncated>Unspecified</truncated>
		<difficult>Unspecified</difficult>
		<bndbox>
			<xmin>1171</xmin>
			<ymin>1476</ymin>
			<xmax>2153</xmax>
			<ymax>2125</ymax>
		</bndbox>
	</object>
</annotation>