<annotation>
	<folder>kathakali-characters</folder>
	<filename>00438.jpg</filename>
	<path>/kathakali-characters/00438.jpg</path>
	<source>
		<database>Unspecified</database>
	</source>
	<size>
		<width>1365</width>
		<height>2048</height>
		<depth>3</depth>
	</size>
	<object>
		<name>Pacha</name>
		<pose>Unspecified</pose>
		<truncated>Unspecified</truncated>
		<difficult>Unspecified</difficult>
		<bndbox>
			<xmin>538</xmin>
			<ymin>509</ymin>
			<xmax>909</xmax>
			<ymax>811</ymax>
		</bndbox>
	</object>
</annotation>