<annotation>
	<folder>kathakali-characters</folder>
	<filename>00433.jpg</filename>
	<path>/kathakali-characters/00433.jpg</path>
	<source>
		<database>Unspecified</database>
	</source>
	<size>
		<width>290</width>
		<height>435</height>
		<depth>3</depth>
	</size>
	<object>
		<name>Pacha</name>
		<pose>Unspecified</pose>
		<truncated>Unspecified</truncated>
		<difficult>Unspecified</difficult>
		<bndbox>
			<xmin>23</xmin>
			<ymin>149</ymin>
			<xmax>184</xmax>
			<ymax>262</ymax>
		</bndbox>
	</object>
</annotation>