<annotation>
	<folder>kathakali-characters</folder>
	<filename>00432.jpg</filename>
	<path>/kathakali-characters/00432.jpg</path>
	<source>
		<database>Unspecified</database>
	</source>
	<size>
		<width>2592</width>
		<height>3872</height>
		<depth>3</depth>
	</size>
	<object>
		<name>Pacha</name>
		<pose>Unspecified</pose>
		<truncated>Unspecified</truncated>
		<difficult>Unspecified</difficult>
		<bndbox>
			<xmin>307</xmin>
			<ymin>1858</ymin>
			<xmax>2030</xmax>
			<ymax>3501</ymax>
		</bndbox>
	</object>
</annotation>