<annotation>
	<folder>kathakali-characters</folder>
	<filename>00435.jpg</filename>
	<path>/kathakali-characters/00435.jpg</path>
	<source>
		<database>Unspecified</database>
	</source>
	<size>
		<width>3456</width>
		<height>5184</height>
		<depth>3</depth>
	</size>
	<object>
		<name>Pacha</name>
		<pose>Unspecified</pose>
		<truncated>Unspecified</truncated>
		<difficult>Unspecified</difficult>
		<bndbox>
			<xmin>1698</xmin>
			<ymin>1670</ymin>
			<xmax>2731</xmax>
			<ymax>2387</ymax>
		</bndbox>
	</object>
</annotation>