<annotation>
	<folder>kathakali-characters</folder>
	<filename>00446.jpg</filename>
	<path>/kathakali-characters/00446.jpg</path>
	<source>
		<database>Unspecified</database>
	</source>
	<size>
		<width>1399</width>
		<height>2048</height>
		<depth>3</depth>
	</size>
	<object>
		<name>Pacha</name>
		<pose>Unspecified</pose>
		<truncated>Unspecified</truncated>
		<difficult>Unspecified</difficult>
		<bndbox>
			<xmin>661</xmin>
			<ymin>684</ymin>
			<xmax>868</xmax>
			<ymax>840</ymax>
		</bndbox>
	</object>
</annotation>