<annotation>
	<folder>kathakali-characters</folder>
	<filename>00449.jpg</filename>
	<path>/kathakali-characters/00449.jpg</path>
	<source>
		<database>Unspecified</database>
	</source>
	<size>
		<width>3888</width>
		<height>2592</height>
		<depth>3</depth>
	</size>
	<object>
		<name>Pacha</name>
		<pose>Unspecified</pose>
		<truncated>Unspecified</truncated>
		<difficult>Unspecified</difficult>
		<bndbox>
			<xmin>2838</xmin>
			<ymin>781</ymin>
			<xmax>3109</xmax>
			<ymax>1237</ymax>
		</bndbox>
	</object>
	<object>
		<name>Kathi</name>
		<pose>Unspecified</pose>
		<truncated>Unspecified</truncated>
		<difficult>Unspecified</difficult>
		<bndbox>
			<xmin>1453</xmin>
			<ymin>936</ymin>
			<xmax>1842</xmax>
			<ymax>1291</ymax>
		</bndbox>
	</object>
</annotation>