<annotation>
	<folder>kathakali-characters</folder>
	<filename>00448.jpg</filename>
	<path>/kathakali-characters/00448.jpg</path>
	<source>
		<database>Unspecified</database>
	</source>
	<size>
		<width>4752</width>
		<height>3168</height>
		<depth>3</depth>
	</size>
	<object>
		<name>Kathi</name>
		<pose>Unspecified</pose>
		<truncated>Unspecified</truncated>
		<difficult>Unspecified</difficult>
		<bndbox>
			<xmin>177</xmin>
			<ymin>369</ymin>
			<xmax>3792</xmax>
			<ymax>2713</ymax>
		</bndbox>
	</object>
</annotation>