<annotation>
	<folder>kathakali-characters</folder>
	<filename>00445.jpg</filename>
	<path>/kathakali-characters/00445.jpg</path>
	<source>
		<database>Unspecified</database>
	</source>
	<size>
		<width>900</width>
		<height>600</height>
		<depth>3</depth>
	</size>
	<object>
		<name>Pacha</name>
		<pose>Unspecified</pose>
		<truncated>Unspecified</truncated>
		<difficult>Unspecified</difficult>
		<bndbox>
			<xmin>159</xmin>
			<ymin>247</ymin>
			<xmax>233</xmax>
			<ymax>303</ymax>
		</bndbox>
	</object>
	<object>
		<name>Pacha</name>
		<pose>Unspecified</pose>
		<truncated>Unspecified</truncated>
		<difficult>Unspecified</difficult>
		<bndbox>
			<xmin>484</xmin>
			<ymin>271</ymin>
			<xmax>546</xmax>
			<ymax>317</ymax>
		</bndbox>
	</object>
	<object>
		<name>Pacha</name>
		<pose>Unspecified</pose>
		<truncated>Unspecified</truncated>
		<difficult>Unspecified</difficult>
		<bndbox>
			<xmin>599</xmin>
			<ymin>227</ymin>
			<xmax>678</xmax>
			<ymax>286</ymax>
		</bndbox>
	</object>
	<object>
		<name>Pacha</name>
		<pose>Unspecified</pose>
		<truncated>Unspecified</truncated>
		<difficult>Unspecified</difficult>
		<bndbox>
			<xmin>751</xmin>
			<ymin>269</ymin>
			<xmax>814</xmax>
			<ymax>319</ymax>
		</bndbox>
	</object>
</annotation>