<annotation>
	<folder>kathakali-characters</folder>
	<filename>00443.jpg</filename>
	<path>/kathakali-characters/00443.jpg</path>
	<source>
		<database>Unspecified</database>
	</source>
	<size>
		<width>1555</width>
		<height>1037</height>
		<depth>3</depth>
	</size>
	<object>
		<name>Pacha</name>
		<pose>Unspecified</pose>
		<truncated>Unspecified</truncated>
		<difficult>Unspecified</difficult>
		<bndbox>
			<xmin>325</xmin>
			<ymin>326</ymin>
			<xmax>1042</xmax>
			<ymax>820</ymax>
		</bndbox>
	</object>
</annotation>