<annotation>
	<folder>kathakali-characters</folder>
	<filename>00444.jpg</filename>
	<path>/kathakali-characters/00444.jpg</path>
	<source>
		<database>Unspecified</database>
	</source>
	<size>
		<width>1537</width>
		<height>2000</height>
		<depth>3</depth>
	</size>
	<object>
		<name>Kathi</name>
		<pose>Unspecified</pose>
		<truncated>Unspecified</truncated>
		<difficult>Unspecified</difficult>
		<bndbox>
			<xmin>633</xmin>
			<ymin>755</ymin>
			<xmax>759</xmax>
			<ymax>898</ymax>
		</bndbox>
	</object>
</annotation>