<annotation>
	<folder>kathakali-characters</folder>
	<filename>00442.jpg</filename>
	<path>/kathakali-characters/00442.jpg</path>
	<source>
		<database>Unspecified</database>
	</source>
	<size>
		<width>1476</width>
		<height>984</height>
		<depth>3</depth>
	</size>
	<object>
		<name>Pacha</name>
		<pose>Unspecified</pose>
		<truncated>Unspecified</truncated>
		<difficult>Unspecified</difficult>
		<bndbox>
			<xmin>343</xmin>
			<ymin>214</ymin>
			<xmax>770</xmax>
			<ymax>490</ymax>
		</bndbox>
	</object>
</annotation>