<annotation>
	<folder>kathakali-characters</folder>
	<filename>00441.jpg</filename>
	<path>/kathakali-characters/00441.jpg</path>
	<source>
		<database>Unspecified</database>
	</source>
	<size>
		<width>1000</width>
		<height>1000</height>
		<depth>3</depth>
	</size>
	<object>
		<name>Pacha</name>
		<pose>Unspecified</pose>
		<truncated>Unspecified</truncated>
		<difficult>Unspecified</difficult>
		<bndbox>
			<xmin>741</xmin>
			<ymin>497</ymin>
			<xmax>906</xmax>
			<ymax>617</ymax>
		</bndbox>
	</object>
</annotation>