<annotation>
	<folder>kathakali-characters</folder>
	<filename>00452.jpg</filename>
	<path>/kathakali-characters/00452.jpg</path>
	<source>
		<database>Unspecified</database>
	</source>
	<size>
		<width>427</width>
		<height>640</height>
		<depth>3</depth>
	</size>
	<object>
		<name>Pacha</name>
		<pose>Unspecified</pose>
		<truncated>Unspecified</truncated>
		<difficult>Unspecified</difficult>
		<bndbox>
			<xmin>174</xmin>
			<ymin>137</ymin>
			<xmax>253</xmax>
			<ymax>204</ymax>
		</bndbox>
	</object>
</annotation>