<annotation>
	<folder>kathakali-characters</folder>
	<filename>00454.jpg</filename>
	<path>/kathakali-characters/00454.jpg</path>
	<source>
		<database>Unspecified</database>
	</source>
	<size>
		<width>1363</width>
		<height>2048</height>
		<depth>3</depth>
	</size>
	<object>
		<name>Kathi</name>
		<pose>Unspecified</pose>
		<truncated>Unspecified</truncated>
		<difficult>Unspecified</difficult>
		<bndbox>
			<xmin>527</xmin>
			<ymin>493</ymin>
			<xmax>805</xmax>
			<ymax>713</ymax>
		</bndbox>
	</object>
</annotation>