<annotation>
	<folder>kathakali-characters</folder>
	<filename>00457.jpg</filename>
	<path>/kathakali-characters/00457.jpg</path>
	<source>
		<database>Unspecified</database>
	</source>
	<size>
		<width>2442</width>
		<height>3663</height>
		<depth>3</depth>
	</size>
	<object>
		<name>Kathi</name>
		<pose>Unspecified</pose>
		<truncated>Unspecified</truncated>
		<difficult>Unspecified</difficult>
		<bndbox>
			<xmin>1081</xmin>
			<ymin>1559</ymin>
			<xmax>1602</xmax>
			<ymax>1905</ymax>
		</bndbox>
	</object>
</annotation>