<annotation>
	<folder>kathakali-characters</folder>
	<filename>00455.jpg</filename>
	<path>/kathakali-characters/00455.jpg</path>
	<source>
		<database>Unspecified</database>
	</source>
	<size>
		<width>640</width>
		<height>385</height>
		<depth>3</depth>
	</size>
	<object>
		<name>Pacha</name>
		<pose>Unspecified</pose>
		<truncated>Unspecified</truncated>
		<difficult>Unspecified</difficult>
		<bndbox>
			<xmin>233</xmin>
			<ymin>156</ymin>
			<xmax>310</xmax>
			<ymax>211</ymax>
		</bndbox>
	</object>
</annotation>