<annotation>
	<folder>kathakali-characters</folder>
	<filename>00453.jpg</filename>
	<path>/kathakali-characters/00453.jpg</path>
	<source>
		<database>Unspecified</database>
	</source>
	<size>
		<width>470</width>
		<height>350</height>
		<depth>3</depth>
	</size>
	<object>
		<name>Pacha</name>
		<pose>Unspecified</pose>
		<truncated>Unspecified</truncated>
		<difficult>Unspecified</difficult>
		<bndbox>
			<xmin>357</xmin>
			<ymin>96</ymin>
			<xmax>387</xmax>
			<ymax>123</ymax>
		</bndbox>
	</object>
</annotation>