<annotation>
	<folder>kathakali-characters</folder>
	<filename>00456.jpg</filename>
	<path>/kathakali-characters/00456.jpg</path>
	<source>
		<database>Unspecified</database>
	</source>
	<size>
		<width>640</width>
		<height>491</height>
		<depth>3</depth>
	</size>
	<object>
		<name>Pacha</name>
		<pose>Unspecified</pose>
		<truncated>Unspecified</truncated>
		<difficult>Unspecified</difficult>
		<bndbox>
			<xmin>211</xmin>
			<ymin>93</ymin>
			<xmax>265</xmax>
			<ymax>137</ymax>
		</bndbox>
	</object>
</annotation>