<annotation>
	<folder>kathakali-characters</folder>
	<filename>00458.jpg</filename>
	<path>/kathakali-characters/00458.jpg</path>
	<source>
		<database>Unspecified</database>
	</source>
	<size>
		<width>600</width>
		<height>400</height>
		<depth>3</depth>
	</size>
	<object>
		<name>Pacha</name>
		<pose>Unspecified</pose>
		<truncated>Unspecified</truncated>
		<difficult>Unspecified</difficult>
		<bndbox>
			<xmin>112</xmin>
			<ymin>137</ymin>
			<xmax>302</xmax>
			<ymax>271</ymax>
		</bndbox>
	</object>
</annotation>