<annotation>
	<folder>kathakali-characters</folder>
	<filename>00450.jpg</filename>
	<path>/kathakali-characters/00450.jpg</path>
	<source>
		<database>Unspecified</database>
	</source>
	<size>
		<width>500</width>
		<height>468</height>
		<depth>3</depth>
	</size>
	<object>
		<name>Pacha</name>
		<pose>Unspecified</pose>
		<truncated>Unspecified</truncated>
		<difficult>Unspecified</difficult>
		<bndbox>
			<xmin>279</xmin>
			<ymin>125</ymin>
			<xmax>350</xmax>
			<ymax>175</ymax>
		</bndbox>
	</object>
</annotation>