<annotation>
	<folder>kathakali-characters</folder>
	<filename>00462.jpg</filename>
	<path>/kathakali-characters/00462.jpg</path>
	<source>
		<database>Unspecified</database>
	</source>
	<size>
		<width>736</width>
		<height>1104</height>
		<depth>3</depth>
	</size>
	<object>
		<name>Pacha</name>
		<pose>Unspecified</pose>
		<truncated>Unspecified</truncated>
		<difficult>Unspecified</difficult>
		<bndbox>
			<xmin>286</xmin>
			<ymin>223</ymin>
			<xmax>404</xmax>
			<ymax>321</ymax>
		</bndbox>
	</object>
</annotation>