<annotation>
	<folder>kathakali-characters</folder>
	<filename>00465.jpg</filename>
	<path>/kathakali-characters/00465.jpg</path>
	<source>
		<database>Unspecified</database>
	</source>
	<size>
		<width>736</width>
		<height>1099</height>
		<depth>3</depth>
	</size>
	<object>
		<name>Kathi</name>
		<pose>Unspecified</pose>
		<truncated>Unspecified</truncated>
		<difficult>Unspecified</difficult>
		<bndbox>
			<xmin>242</xmin>
			<ymin>320</ymin>
			<xmax>345</xmax>
			<ymax>394</ymax>
		</bndbox>
	</object>
</annotation>