<annotation>
	<folder>kathakali-characters</folder>
	<filename>00467.jpg</filename>
	<path>/kathakali-characters/00467.jpg</path>
	<source>
		<database>Unspecified</database>
	</source>
	<size>
		<width>736</width>
		<height>1111</height>
		<depth>3</depth>
	</size>
	<object>
		<name>Kathi</name>
		<pose>Unspecified</pose>
		<truncated>Unspecified</truncated>
		<difficult>Unspecified</difficult>
		<bndbox>
			<xmin>211</xmin>
			<ymin>578</ymin>
			<xmax>511</xmax>
			<ymax>767</ymax>
		</bndbox>
	</object>
</annotation>