<annotation>
	<folder>kathakali-characters</folder>
	<filename>00468.jpg</filename>
	<path>/kathakali-characters/00468.jpg</path>
	<source>
		<database>Unspecified</database>
	</source>
	<size>
		<width>736</width>
		<height>1102</height>
		<depth>3</depth>
	</size>
	<object>
		<name>Pacha</name>
		<pose>Unspecified</pose>
		<truncated>Unspecified</truncated>
		<difficult>Unspecified</difficult>
		<bndbox>
			<xmin>290</xmin>
			<ymin>562</ymin>
			<xmax>361</xmax>
			<ymax>614</ymax>
		</bndbox>
	</object>
</annotation>