<annotation>
	<folder>kathakali-characters</folder>
	<filename>00460.jpg</filename>
	<path>/kathakali-characters/00460.jpg</path>
	<source>
		<database>Unspecified</database>
	</source>
	<size>
		<width>533</width>
		<height>800</height>
		<depth>3</depth>
	</size>
	<object>
		<name>Pacha</name>
		<pose>Unspecified</pose>
		<truncated>Unspecified</truncated>
		<difficult>Unspecified</difficult>
		<bndbox>
			<xmin>42</xmin>
			<ymin>276</ymin>
			<xmax>337</xmax>
			<ymax>486</ymax>
		</bndbox>
	</object>
</annotation>