<annotation>
	<folder>kathakali-characters</folder>
	<filename>00463.jpg</filename>
	<path>/kathakali-characters/00463.jpg</path>
	<source>
		<database>Unspecified</database>
	</source>
	<size>
		<width>736</width>
		<height>896</height>
		<depth>3</depth>
	</size>
	<object>
		<name>Pacha</name>
		<pose>Unspecified</pose>
		<truncated>Unspecified</truncated>
		<difficult>Unspecified</difficult>
		<bndbox>
			<xmin>217</xmin>
			<ymin>482</ymin>
			<xmax>517</xmax>
			<ymax>692</ymax>
		</bndbox>
	</object>
</annotation>