<annotation>
	<folder>kathakali-characters</folder>
	<filename>00471.jpg</filename>
	<path>/kathakali-characters/00471.jpg</path>
	<source>
		<database>Unspecified</database>
	</source>
	<size>
		<width>736</width>
		<height>1104</height>
		<depth>3</depth>
	</size>
	<object>
		<name>Pacha</name>
		<pose>Unspecified</pose>
		<truncated>Unspecified</truncated>
		<difficult>Unspecified</difficult>
		<bndbox>
			<xmin>203</xmin>
			<ymin>491</ymin>
			<xmax>506</xmax>
			<ymax>748</ymax>
		</bndbox>
	</object>
</annotation>