<annotation>
	<folder>kathakali-characters</folder>
	<filename>00478.jpg</filename>
	<path>/kathakali-characters/00478.jpg</path>
	<source>
		<database>Unspecified</database>
	</source>
	<size>
		<width>599</width>
		<height>449</height>
		<depth>3</depth>
	</size>
	<object>
		<name>Pacha</name>
		<pose>Unspecified</pose>
		<truncated>Unspecified</truncated>
		<difficult>Unspecified</difficult>
		<bndbox>
			<xmin>210</xmin>
			<ymin>121</ymin>
			<xmax>285</xmax>
			<ymax>174</ymax>
		</bndbox>
	</object>
</annotation>