<annotation>
	<folder>kathakali-characters</folder>
	<filename>00479.jpg</filename>
	<path>/kathakali-characters/00479.jpg</path>
	<source>
		<database>Unspecified</database>
	</source>
	<size>
		<width>402</width>
		<height>600</height>
		<depth>3</depth>
	</size>
	<object>
		<name>Pacha</name>
		<pose>Unspecified</pose>
		<truncated>Unspecified</truncated>
		<difficult>Unspecified</difficult>
		<bndbox>
			<xmin>115</xmin>
			<ymin>268</ymin>
			<xmax>268</xmax>
			<ymax>368</ymax>
		</bndbox>
	</object>
</annotation>