<annotation>
	<folder>kathakali-characters</folder>
	<filename>00470.jpg</filename>
	<path>/kathakali-characters/00470.jpg</path>
	<source>
		<database>Unspecified</database>
	</source>
	<size>
		<width>735</width>
		<height>490</height>
		<depth>3</depth>
	</size>
	<object>
		<name>Pacha</name>
		<pose>Unspecified</pose>
		<truncated>Unspecified</truncated>
		<difficult>Unspecified</difficult>
		<bndbox>
			<xmin>355</xmin>
			<ymin>191</ymin>
			<xmax>408</xmax>
			<ymax>229</ymax>
		</bndbox>
	</object>
</annotation>