<annotation>
	<folder>kathakali-characters</folder>
	<filename>00477.jpg</filename>
	<path>/kathakali-characters/00477.jpg</path>
	<source>
		<database>Unspecified</database>
	</source>
	<size>
		<width>736</width>
		<height>733</height>
		<depth>3</depth>
	</size>
	<object>
		<name>Pacha</name>
		<pose>Unspecified</pose>
		<truncated>Unspecified</truncated>
		<difficult>Unspecified</difficult>
		<bndbox>
			<xmin>295</xmin>
			<ymin>462</ymin>
			<xmax>630</xmax>
			<ymax>712</ymax>
		</bndbox>
	</object>
</annotation>