<annotation>
	<folder>kathakali-characters</folder>
	<filename>00476.jpg</filename>
	<path>/kathakali-characters/00476.jpg</path>
	<source>
		<database>Unspecified</database>
	</source>
	<size>
		<width>340</width>
		<height>512</height>
		<depth>3</depth>
	</size>
	<object>
		<name>Pacha</name>
		<pose>Unspecified</pose>
		<truncated>Unspecified</truncated>
		<difficult>Unspecified</difficult>
		<bndbox>
			<xmin>128</xmin>
			<ymin>212</ymin>
			<xmax>235</xmax>
			<ymax>296</ymax>
		</bndbox>
	</object>
</annotation>