<annotation>
	<folder>kathakali-characters</folder>
	<filename>00474.jpg</filename>
	<path>/kathakali-characters/00474.jpg</path>
	<source>
		<database>Unspecified</database>
	</source>
	<size>
		<width>500</width>
		<height>666</height>
		<depth>3</depth>
	</size>
	<object>
		<name>Pacha</name>
		<pose>Unspecified</pose>
		<truncated>Unspecified</truncated>
		<difficult>Unspecified</difficult>
		<bndbox>
			<xmin>184</xmin>
			<ymin>179</ymin>
			<xmax>279</xmax>
			<ymax>265</ymax>
		</bndbox>
	</object>
</annotation>