<annotation>
	<folder>kathakali-characters</folder>
	<filename>00480.jpg</filename>
	<path>/kathakali-characters/00480.jpg</path>
	<source>
		<database>Unspecified</database>
	</source>
	<size>
		<width>432</width>
		<height>520</height>
		<depth>3</depth>
	</size>
	<object>
		<name>Pacha</name>
		<pose>Unspecified</pose>
		<truncated>Unspecified</truncated>
		<difficult>Unspecified</difficult>
		<bndbox>
			<xmin>200</xmin>
			<ymin>129</ymin>
			<xmax>275</xmax>
			<ymax>184</ymax>
		</bndbox>
	</object>
</annotation>