<annotation>
	<folder>kathakali-characters</folder>
	<filename>00487.jpg</filename>
	<path>/kathakali-characters/00487.jpg</path>
	<source>
		<database>Unspecified</database>
	</source>
	<size>
		<width>564</width>
		<height>375</height>
		<depth>3</depth>
	</size>
	<object>
		<name>Pacha</name>
		<pose>Unspecified</pose>
		<truncated>Unspecified</truncated>
		<difficult>Unspecified</difficult>
		<bndbox>
			<xmin>108</xmin>
			<ymin>92</ymin>
			<xmax>416</xmax>
			<ymax>294</ymax>
		</bndbox>
	</object>
</annotation>