<annotation>
	<folder>kathakali-characters</folder>
	<filename>00483.jpg</filename>
	<path>/kathakali-characters/00483.jpg</path>
	<source>
		<database>Unspecified</database>
	</source>
	<size>
		<width>236</width>
		<height>177</height>
		<depth>3</depth>
	</size>
	<object>
		<name>Pacha</name>
		<pose>Unspecified</pose>
		<truncated>Unspecified</truncated>
		<difficult>Unspecified</difficult>
		<bndbox>
			<xmin>68</xmin>
			<ymin>70</ymin>
			<xmax>80</xmax>
			<ymax>78</ymax>
		</bndbox>
	</object>
</annotation>