<annotation>
	<folder>kathakali-characters</folder>
	<filename>00488.jpg</filename>
	<path>/kathakali-characters/00488.jpg</path>
	<source>
		<database>Unspecified</database>
	</source>
	<size>
		<width>564</width>
		<height>733</height>
		<depth>3</depth>
	</size>
	<object>
		<name>Kathi</name>
		<pose>Unspecified</pose>
		<truncated>Unspecified</truncated>
		<difficult>Unspecified</difficult>
		<bndbox>
			<xmin>231</xmin>
			<ymin>281</ymin>
			<xmax>275</xmax>
			<ymax>327</ymax>
		</bndbox>
	</object>
</annotation>