<annotation>
	<folder>kathakali-characters</folder>
	<filename>00484.jpg</filename>
	<path>/kathakali-characters/00484.jpg</path>
	<source>
		<database>Unspecified</database>
	</source>
	<size>
		<width>401</width>
		<height>599</height>
		<depth>3</depth>
	</size>
	<object>
		<name>Pacha</name>
		<pose>Unspecified</pose>
		<truncated>Unspecified</truncated>
		<difficult>Unspecified</difficult>
		<bndbox>
			<xmin>162</xmin>
			<ymin>159</ymin>
			<xmax>258</xmax>
			<ymax>225</ymax>
		</bndbox>
	</object>
</annotation>