<annotation>
	<folder>kathakali-characters</folder>
	<filename>00482.jpg</filename>
	<path>/kathakali-characters/00482.jpg</path>
	<source>
		<database>Unspecified</database>
	</source>
	<size>
		<width>236</width>
		<height>279</height>
		<depth>3</depth>
	</size>
	<object>
		<name>Kathi</name>
		<pose>Unspecified</pose>
		<truncated>Unspecified</truncated>
		<difficult>Unspecified</difficult>
		<bndbox>
			<xmin>94</xmin>
			<ymin>93</ymin>
			<xmax>193</xmax>
			<ymax>162</ymax>
		</bndbox>
	</object>
</annotation>