<annotation>
	<folder>kathakali-characters</folder>
	<filename>00481.jpg</filename>
	<path>/kathakali-characters/00481.jpg</path>
	<source>
		<database>Unspecified</database>
	</source>
	<size>
		<width>430</width>
		<height>326</height>
		<depth>3</depth>
	</size>
	<object>
		<name>Pacha</name>
		<pose>Unspecified</pose>
		<truncated>Unspecified</truncated>
		<difficult>Unspecified</difficult>
		<bndbox>
			<xmin>185</xmin>
			<ymin>75</ymin>
			<xmax>375</xmax>
			<ymax>216</ymax>
		</bndbox>
	</object>
</annotation>