<annotation>
	<folder>kathakali-characters</folder>
	<filename>00489.jpg</filename>
	<path>/kathakali-characters/00489.jpg</path>
	<source>
		<database>Unspecified</database>
	</source>
	<size>
		<width>453</width>
		<height>640</height>
		<depth>3</depth>
	</size>
	<object>
		<name>Pacha</name>
		<pose>Unspecified</pose>
		<truncated>Unspecified</truncated>
		<difficult>Unspecified</difficult>
		<bndbox>
			<xmin>94</xmin>
			<ymin>383</ymin>
			<xmax>324</xmax>
			<ymax>539</ymax>
		</bndbox>
	</object>
</annotation>