<annotation>
	<folder>kathakali-characters</folder>
	<filename>00485.jpg</filename>
	<path>/kathakali-characters/00485.jpg</path>
	<source>
		<database>Unspecified</database>
	</source>
	<size>
		<width>564</width>
		<height>705</height>
		<depth>3</depth>
	</size>
	<object>
		<name>Kathi</name>
		<pose>Unspecified</pose>
		<truncated>Unspecified</truncated>
		<difficult>Unspecified</difficult>
		<bndbox>
			<xmin>252</xmin>
			<ymin>226</ymin>
			<xmax>328</xmax>
			<ymax>285</ymax>
		</bndbox>
	</object>
</annotation>