<annotation>
	<folder>kathakali-characters</folder>
	<filename>00486.jpg</filename>
	<path>/kathakali-characters/00486.jpg</path>
	<source>
		<database>Unspecified</database>
	</source>
	<size>
		<width>564</width>
		<height>843</height>
		<depth>3</depth>
	</size>
	<object>
		<name>Pacha</name>
		<pose>Unspecified</pose>
		<truncated>Unspecified</truncated>
		<difficult>Unspecified</difficult>
		<bndbox>
			<xmin>116</xmin>
			<ymin>446</ymin>
			<xmax>490</xmax>
			<ymax>690</ymax>
		</bndbox>
	</object>
</annotation>