<annotation>
	<folder>kathakali-characters</folder>
	<filename>00494.jpg</filename>
	<path>/kathakali-characters/00494.jpg</path>
	<source>
		<database>Unspecified</database>
	</source>
	<size>
		<width>563</width>
		<height>800</height>
		<depth>3</depth>
	</size>
	<object>
		<name>Pacha</name>
		<pose>Unspecified</pose>
		<truncated>Unspecified</truncated>
		<difficult>Unspecified</difficult>
		<bndbox>
			<xmin>162</xmin>
			<ymin>348</ymin>
			<xmax>357</xmax>
			<ymax>497</ymax>
		</bndbox>
	</object>
</annotation>