<annotation>
	<folder>kathakali-characters</folder>
	<filename>00491.jpg</filename>
	<path>/kathakali-characters/00491.jpg</path>
	<source>
		<database>Unspecified</database>
	</source>
	<size>
		<width>562</width>
		<height>1000</height>
		<depth>3</depth>
	</size>
	<object>
		<name>Pacha</name>
		<pose>Unspecified</pose>
		<truncated>Unspecified</truncated>
		<difficult>Unspecified</difficult>
		<bndbox>
			<xmin>257</xmin>
			<ymin>361</ymin>
			<xmax>478</xmax>
			<ymax>512</ymax>
		</bndbox>
	</object>
</annotation>