<annotation>
	<folder>kathakali-characters</folder>
	<filename>00493.jpg</filename>
	<path>/kathakali-characters/00493.jpg</path>
	<source>
		<database>Unspecified</database>
	</source>
	<size>
		<width>220</width>
		<height>328</height>
		<depth>3</depth>
	</size>
	<object>
		<name>Pacha</name>
		<pose>Unspecified</pose>
		<truncated>Unspecified</truncated>
		<difficult>Unspecified</difficult>
		<bndbox>
			<xmin>72</xmin>
			<ymin>110</ymin>
			<xmax>134</xmax>
			<ymax>180</ymax>
		</bndbox>
	</object>
</annotation>