<annotation>
	<folder>kathakali-characters</folder>
	<filename>00496.jpg</filename>
	<path>/kathakali-characters/00496.jpg</path>
	<source>
		<database>Unspecified</database>
	</source>
	<size>
		<width>556</width>
		<height>840</height>
		<depth>3</depth>
	</size>
	<object>
		<name>Pacha</name>
		<pose>Unspecified</pose>
		<truncated>Unspecified</truncated>
		<difficult>Unspecified</difficult>
		<bndbox>
			<xmin>233</xmin>
			<ymin>237</ymin>
			<xmax>323</xmax>
			<ymax>299</ymax>
		</bndbox>
	</object>
</annotation>