<annotation>
	<folder>kathakali-characters</folder>
	<filename>00492.jpg</filename>
	<path>/kathakali-characters/00492.jpg</path>
	<source>
		<database>Unspecified</database>
	</source>
	<size>
		<width>445</width>
		<height>548</height>
		<depth>3</depth>
	</size>
	<object>
		<name>Pacha</name>
		<pose>Unspecified</pose>
		<truncated>Unspecified</truncated>
		<difficult>Unspecified</difficult>
		<bndbox>
			<xmin>179</xmin>
			<ymin>106</ymin>
			<xmax>269</xmax>
			<ymax>169</ymax>
		</bndbox>
	</object>
</annotation>