<annotation>
	<folder>kathakali-characters</folder>
	<filename>00495.jpg</filename>
	<path>/kathakali-characters/00495.jpg</path>
	<source>
		<database>Unspecified</database>
	</source>
	<size>
		<width>564</width>
		<height>753</height>
		<depth>3</depth>
	</size>
	<object>
		<name>Pacha</name>
		<pose>Unspecified</pose>
		<truncated>Unspecified</truncated>
		<difficult>Unspecified</difficult>
		<bndbox>
			<xmin>169</xmin>
			<ymin>298</ymin>
			<xmax>401</xmax>
			<ymax>436</ymax>
		</bndbox>
	</object>
</annotation>