<annotation>
	<folder>kathakali-characters</folder>
	<filename>00490.jpg</filename>
	<path>/kathakali-characters/00490.jpg</path>
	<source>
		<database>Unspecified</database>
	</source>
	<size>
		<width>564</width>
		<height>846</height>
		<depth>3</depth>
	</size>
	<object>
		<name>Pacha</name>
		<pose>Unspecified</pose>
		<truncated>Unspecified</truncated>
		<difficult>Unspecified</difficult>
		<bndbox>
			<xmin>153</xmin>
			<ymin>375</ymin>
			<xmax>388</xmax>
			<ymax>575</ymax>
		</bndbox>
	</object>
</annotation>