<annotation>
	<folder>kathakali-characters</folder>
	<filename>00507.jpg</filename>
	<path>/kathakali-characters/00507.jpg</path>
	<source>
		<database>Unspecified</database>
	</source>
	<size>
		<width>1280</width>
		<height>720</height>
		<depth>3</depth>
	</size>
	<object>
		<name>Pacha</name>
		<pose>Unspecified</pose>
		<truncated>Unspecified</truncated>
		<difficult>Unspecified</difficult>
		<bndbox>
			<xmin>73</xmin>
			<ymin>45</ymin>
			<xmax>265</xmax>
			<ymax>185</ymax>
		</bndbox>
	</object>
	<object>
		<name>Pacha</name>
		<pose>Unspecified</pose>
		<truncated>Unspecified</truncated>
		<difficult>Unspecified</difficult>
		<bndbox>
			<xmin>382</xmin>
			<ymin>56</ymin>
			<xmax>558</xmax>
			<ymax>188</ymax>
		</bndbox>
	</object>
	<object>
		<name>Pacha</name>
		<pose>Unspecified</pose>
		<truncated>Unspecified</truncated>
		<difficult>Unspecified</difficult>
		<bndbox>
			<xmin>736</xmin>
			<ymin>75</ymin>
			<xmax>885</xmax>
			<ymax>174</ymax>
		</bndbox>
	</object>
	<object>
		<name>Pacha</name>
		<pose>Unspecified</pose>
		<truncated>Unspecified</truncated>
		<difficult>Unspecified</difficult>
		<bndbox>
			<xmin>1022</xmin>
			<ymin>41</ymin>
			<xmax>1208</xmax>
			<ymax>195</ymax>
		</bndbox>
	</object>
	<object>
		<name>Pacha</name>
		<pose>Unspecified</pose>
		<truncated>Unspecified</truncated>
		<difficult>Unspecified</difficult>
		<bndbox>
			<xmin>71</xmin>
			<ymin>543</ymin>
			<xmax>261</xmax>
			<ymax>695</ymax>
		</bndbox>
	</object>
	<object>
		<name>Pacha</name>
		<pose>Unspecified</pose>
		<truncated>Unspecified</truncated>
		<difficult>Unspecified</difficult>
		<bndbox>
			<xmin>409</xmin>
			<ymin>572</ymin>
			<xmax>555</xmax>
			<ymax>672</ymax>
		</bndbox>
	</object>
	<object>
		<name>Pacha</name>
		<pose>Unspecified</pose>
		<truncated>Unspecified</truncated>
		<difficult>Unspecified</difficult>
		<bndbox>
			<xmin>708</xmin>
			<ymin>548</ymin>
			<xmax>882</xmax>
			<ymax>663</ymax>
		</bndbox>
	</object>
	<object>
		<name>Pacha</name>
		<pose>Unspecified</pose>
		<truncated>Unspecified</truncated>
		<difficult>Unspecified</difficult>
		<bndbox>
			<xmin>1021</xmin>
			<ymin>549</ymin>
			<xmax>1191</xmax>
			<ymax>669</ymax>
		</bndbox>
	</object>
</annotation>