<annotation>
	<folder>kathakali-characters</folder>
	<filename>00502.jpg</filename>
	<path>/kathakali-characters/00502.jpg</path>
	<source>
		<database>Unspecified</database>
	</source>
	<size>
		<width>1280</width>
		<height>720</height>
		<depth>3</depth>
	</size>
	<object>
		<name>Pacha</name>
		<pose>Unspecified</pose>
		<truncated>Unspecified</truncated>
		<difficult>Unspecified</difficult>
		<bndbox>
			<xmin>499</xmin>
			<ymin>262</ymin>
			<xmax>601</xmax>
			<ymax>331</ymax>
		</bndbox>
	</object>
</annotation>