<annotation>
	<folder>kathakali-characters</folder>
	<filename>00518.jpg</filename>
	<path>/kathakali-characters/00518.jpg</path>
	<source>
		<database>Unspecified</database>
	</source>
	<size>
		<width>1280</width>
		<height>720</height>
		<depth>3</depth>
	</size>
	<object>
		<name>Pacha</name>
		<pose>Unspecified</pose>
		<truncated>Unspecified</truncated>
		<difficult>Unspecified</difficult>
		<bndbox>
			<xmin>122</xmin>
			<ymin>293</ymin>
			<xmax>292</xmax>
			<ymax>405</ymax>
		</bndbox>
	</object>
	<object>
		<name>Pacha</name>
		<pose>Unspecified</pose>
		<truncated>Unspecified</truncated>
		<difficult>Unspecified</difficult>
		<bndbox>
			<xmin>742</xmin>
			<ymin>382</ymin>
			<xmax>981</xmax>
			<ymax>544</ymax>
		</bndbox>
	</object>
</annotation>