<annotation>
	<folder>kathakali-characters</folder>
	<filename>00510.jpg</filename>
	<path>/kathakali-characters/00510.jpg</path>
	<source>
		<database>Unspecified</database>
	</source>
	<size>
		<width>480</width>
		<height>360</height>
		<depth>3</depth>
	</size>
	<object>
		<name>Kathi</name>
		<pose>Unspecified</pose>
		<truncated>Unspecified</truncated>
		<difficult>Unspecified</difficult>
		<bndbox>
			<xmin>72</xmin>
			<ymin>50</ymin>
			<xmax>384</xmax>
			<ymax>278</ymax>
		</bndbox>
	</object>
</annotation>