<annotation>
	<folder>kathakali-characters</folder>
	<filename>00524.jpg</filename>
	<path>/kathakali-characters/00524.jpg</path>
	<source>
		<database>Unspecified</database>
	</source>
	<size>
		<width>1280</width>
		<height>720</height>
		<depth>3</depth>
	</size>
	<object>
		<name>Pacha</name>
		<pose>Unspecified</pose>
		<truncated>Unspecified</truncated>
		<difficult>Unspecified</difficult>
		<bndbox>
			<xmin>500</xmin>
			<ymin>348</ymin>
			<xmax>646</xmax>
			<ymax>463</ymax>
		</bndbox>
	</object>
</annotation>