<annotation>
	<folder>kathakali-characters</folder>
	<filename>00520.jpg</filename>
	<path>/kathakali-characters/00520.jpg</path>
	<source>
		<database>Unspecified</database>
	</source>
	<size>
		<width>480</width>
		<height>360</height>
		<depth>3</depth>
	</size>
	<object>
		<name>Pacha</name>
		<pose>Unspecified</pose>
		<truncated>Unspecified</truncated>
		<difficult>Unspecified</difficult>
		<bndbox>
			<xmin>110</xmin>
			<ymin>158</ymin>
			<xmax>143</xmax>
			<ymax>185</ymax>
		</bndbox>
	</object>
	<object>
		<name>Pacha</name>
		<pose>Unspecified</pose>
		<truncated>Unspecified</truncated>
		<difficult>Unspecified</difficult>
		<bndbox>
			<xmin>347</xmin>
			<ymin>109</ymin>
			<xmax>382</xmax>
			<ymax>137</ymax>
		</bndbox>
	</object>
</annotation>