<annotation>
	<folder>kathakali-characters</folder>
	<filename>00528.jpg</filename>
	<path>/kathakali-characters/00528.jpg</path>
	<source>
		<database>Unspecified</database>
	</source>
	<size>
		<width>1280</width>
		<height>720</height>
		<depth>3</depth>
	</size>
	<object>
		<name>Pacha</name>
		<pose>Unspecified</pose>
		<truncated>Unspecified</truncated>
		<difficult>Unspecified</difficult>
		<bndbox>
			<xmin>650</xmin>
			<ymin>237</ymin>
			<xmax>708</xmax>
			<ymax>288</ymax>
		</bndbox>
	</object>
</annotation>