<annotation>
	<folder>kathakali-characters</folder>
	<filename>00529.jpg</filename>
	<path>/kathakali-characters/00529.jpg</path>
	<source>
		<database>Unspecified</database>
	</source>
	<size>
		<width>1280</width>
		<height>720</height>
		<depth>3</depth>
	</size>
	<object>
		<name>Pacha</name>
		<pose>Unspecified</pose>
		<truncated>Unspecified</truncated>
		<difficult>Unspecified</difficult>
		<bndbox>
			<xmin>541</xmin>
			<ymin>106</ymin>
			<xmax>576</xmax>
			<ymax>157</ymax>
		</bndbox>
	</object>
	<object>
		<name>Pacha</name>
		<pose>Unspecified</pose>
		<truncated>Unspecified</truncated>
		<difficult>Unspecified</difficult>
		<bndbox>
			<xmin>950</xmin>
			<ymin>84</ymin>
			<xmax>976</xmax>
			<ymax>135</ymax>
		</bndbox>
	</object>
</annotation>