<annotation>
	<folder>kathakali-characters</folder>
	<filename>00526.jpg</filename>
	<path>/kathakali-characters/00526.jpg</path>
	<source>
		<database>Unspecified</database>
	</source>
	<size>
		<width>1280</width>
		<height>720</height>
		<depth>3</depth>
	</size>
	<object>
		<name>Kathi</name>
		<pose>Unspecified</pose>
		<truncated>Unspecified</truncated>
		<difficult>Unspecified</difficult>
		<bndbox>
			<xmin>362</xmin>
			<ymin>214</ymin>
			<xmax>854</xmax>
			<ymax>526</ymax>
		</bndbox>
	</object>
</annotation>