<annotation>
	<folder>kathakali-characters</folder>
	<filename>00522.jpg</filename>
	<path>/kathakali-characters/00522.jpg</path>
	<source>
		<database>Unspecified</database>
	</source>
	<size>
		<width>1280</width>
		<height>720</height>
		<depth>3</depth>
	</size>
	<object>
		<name>Pacha</name>
		<pose>Unspecified</pose>
		<truncated>Unspecified</truncated>
		<difficult>Unspecified</difficult>
		<bndbox>
			<xmin>441</xmin>
			<ymin>200</ymin>
			<xmax>775</xmax>
			<ymax>467</ymax>
		</bndbox>
	</object>
</annotation>