<annotation>
	<folder>kathakali-characters</folder>
	<filename>00535.jpg</filename>
	<path>/kathakali-characters/00535.jpg</path>
	<source>
		<database>Unspecified</database>
	</source>
	<size>
		<width>1280</width>
		<height>720</height>
		<depth>3</depth>
	</size>
	<object>
		<name>Kathi</name>
		<pose>Unspecified</pose>
		<truncated>Unspecified</truncated>
		<difficult>Unspecified</difficult>
		<bndbox>
			<xmin>572</xmin>
			<ymin>225</ymin>
			<xmax>643</xmax>
			<ymax>317</ymax>
		</bndbox>
	</object>
</annotation>