<annotation>
	<folder>kathakali-characters</folder>
	<filename>00536.jpg</filename>
	<path>/kathakali-characters/00536.jpg</path>
	<source>
		<database>Unspecified</database>
	</source>
	<size>
		<width>1024</width>
		<height>576</height>
		<depth>3</depth>
	</size>
	<object>
		<name>Kathi</name>
		<pose>Unspecified</pose>
		<truncated>Unspecified</truncated>
		<difficult>Unspecified</difficult>
		<bndbox>
			<xmin>471</xmin>
			<ymin>159</ymin>
			<xmax>577</xmax>
			<ymax>236</ymax>
		</bndbox>
	</object>
</annotation>