<annotation>
	<folder>kathakali-characters</folder>
	<filename>00533.jpg</filename>
	<path>/kathakali-characters/00533.jpg</path>
	<source>
		<database>Unspecified</database>
	</source>
	<size>
		<width>480</width>
		<height>360</height>
		<depth>3</depth>
	</size>
	<object>
		<name>Pacha</name>
		<pose>Unspecified</pose>
		<truncated>Unspecified</truncated>
		<difficult>Unspecified</difficult>
		<bndbox>
			<xmin>59</xmin>
			<ymin>104</ymin>
			<xmax>210</xmax>
			<ymax>265</ymax>
		</bndbox>
	</object>
</annotation>