<annotation>
	<folder>kathakali-characters</folder>
	<filename>00530.jpg</filename>
	<path>/kathakali-characters/00530.jpg</path>
	<source>
		<database>Unspecified</database>
	</source>
	<size>
		<width>1280</width>
		<height>720</height>
		<depth>3</depth>
	</size>
	<object>
		<name>Kathi</name>
		<pose>Unspecified</pose>
		<truncated>Unspecified</truncated>
		<difficult>Unspecified</difficult>
		<bndbox>
			<xmin>637</xmin>
			<ymin>280</ymin>
			<xmax>799</xmax>
			<ymax>427</ymax>
		</bndbox>
	</object>
</annotation>