<annotation>
	<folder>kathakali-characters</folder>
	<filename>00534.jpg</filename>
	<path>/kathakali-characters/00534.jpg</path>
	<source>
		<database>Unspecified</database>
	</source>
	<size>
		<width>1280</width>
		<height>720</height>
		<depth>3</depth>
	</size>
	<object>
		<name>Pacha</name>
		<pose>Unspecified</pose>
		<truncated>Unspecified</truncated>
		<difficult>Unspecified</difficult>
		<bndbox>
			<xmin>569</xmin>
			<ymin>206</ymin>
			<xmax>702</xmax>
			<ymax>303</ymax>
		</bndbox>
	</object>
	<object>
		<name>Pacha</name>
		<pose>Unspecified</pose>
		<truncated>Unspecified</truncated>
		<difficult>Unspecified</difficult>
		<bndbox>
			<xmin>46</xmin>
			<ymin>181</ymin>
			<xmax>165</xmax>
			<ymax>278</ymax>
		</bndbox>
	</object>
</annotation>