<annotation>
	<folder>kathakali-characters</folder>
	<filename>00542.jpg</filename>
	<path>/kathakali-characters/00542.jpg</path>
	<source>
		<database>Unspecified</database>
	</source>
	<size>
		<width>1280</width>
		<height>720</height>
		<depth>3</depth>
	</size>
	<object>
		<name>Pacha</name>
		<pose>Unspecified</pose>
		<truncated>Unspecified</truncated>
		<difficult>Unspecified</difficult>
		<bndbox>
			<xmin>474</xmin>
			<ymin>207</ymin>
			<xmax>562</xmax>
			<ymax>298</ymax>
		</bndbox>
	</object>
	<object>
		<name>Pacha</name>
		<pose>Unspecified</pose>
		<truncated>Unspecified</truncated>
		<difficult>Unspecified</difficult>
		<bndbox>
			<xmin>905</xmin>
			<ymin>233</ymin>
			<xmax>1016</xmax>
			<ymax>335</ymax>
		</bndbox>
	</object>
</annotation>