<annotation>
	<folder>kathakali-characters</folder>
	<filename>00541.jpg</filename>
	<path>/kathakali-characters/00541.jpg</path>
	<source>
		<database>Unspecified</database>
	</source>
	<size>
		<width>480</width>
		<height>360</height>
		<depth>3</depth>
	</size>
	<object>
		<name>Pacha</name>
		<pose>Unspecified</pose>
		<truncated>Unspecified</truncated>
		<difficult>Unspecified</difficult>
		<bndbox>
			<xmin>66</xmin>
			<ymin>110</ymin>
			<xmax>103</xmax>
			<ymax>141</ymax>
		</bndbox>
	</object>
</annotation>