<annotation>
	<folder>kathakali-characters</folder>
	<filename>00551.jpg</filename>
	<path>/kathakali-characters/00551.jpg</path>
	<source>
		<database>Unspecified</database>
	</source>
	<size>
		<width>320</width>
		<height>180</height>
		<depth>3</depth>
	</size>
	<object>
		<name>Pacha</name>
		<pose>Unspecified</pose>
		<truncated>Unspecified</truncated>
		<difficult>Unspecified</difficult>
		<bndbox>
			<xmin>55</xmin>
			<ymin>88</ymin>
			<xmax>113</xmax>
			<ymax>128</ymax>
		</bndbox>
	</object>
</annotation>