<annotation>
	<folder>kathakali-characters</folder>
	<filename>00569.jpg</filename>
	<path>/kathakali-characters/00569.jpg</path>
	<source>
		<database>Unspecified</database>
	</source>
	<size>
		<width>1280</width>
		<height>720</height>
		<depth>3</depth>
	</size>
	<object>
		<name>Pacha</name>
		<pose>Unspecified</pose>
		<truncated>Unspecified</truncated>
		<difficult>Unspecified</difficult>
		<bndbox>
			<xmin>573</xmin>
			<ymin>196</ymin>
			<xmax>600</xmax>
			<ymax>238</ymax>
		</bndbox>
	</object>
	<object>
		<name>Pacha</name>
		<pose>Unspecified</pose>
		<truncated>Unspecified</truncated>
		<difficult>Unspecified</difficult>
		<bndbox>
			<xmin>995</xmin>
			<ymin>202</ymin>
			<xmax>1036</xmax>
			<ymax>246</ymax>
		</bndbox>
	</object>
</annotation>