<annotation>
	<folder>kathakali-characters</folder>
	<filename>00567.jpg</filename>
	<path>/kathakali-characters/00567.jpg</path>
	<source>
		<database>Unspecified</database>
	</source>
	<size>
		<width>1280</width>
		<height>720</height>
		<depth>3</depth>
	</size>
	<object>
		<name>Pacha</name>
		<pose>Unspecified</pose>
		<truncated>Unspecified</truncated>
		<difficult>Unspecified</difficult>
		<bndbox>
			<xmin>182</xmin>
			<ymin>211</ymin>
			<xmax>312</xmax>
			<ymax>309</ymax>
		</bndbox>
	</object>
</annotation>