<annotation>
	<folder>kathakali-characters</folder>
	<filename>00561.jpg</filename>
	<path>/kathakali-characters/00561.jpg</path>
	<source>
		<database>Unspecified</database>
	</source>
	<size>
		<width>1280</width>
		<height>720</height>
		<depth>3</depth>
	</size>
	<object>
		<name>Pacha</name>
		<pose>Unspecified</pose>
		<truncated>Unspecified</truncated>
		<difficult>Unspecified</difficult>
		<bndbox>
			<xmin>444</xmin>
			<ymin>206</ymin>
			<xmax>495</xmax>
			<ymax>242</ymax>
		</bndbox>
	</object>
	<object>
		<name>Pacha</name>
		<pose>Unspecified</pose>
		<truncated>Unspecified</truncated>
		<difficult>Unspecified</difficult>
		<bndbox>
			<xmin>645</xmin>
			<ymin>173</ymin>
			<xmax>692</xmax>
			<ymax>211</ymax>
		</bndbox>
	</object>
</annotation>