<annotation>
	<folder>kathakali-characters</folder>
	<filename>00563.jpg</filename>
	<path>/kathakali-characters/00563.jpg</path>
	<source>
		<database>Unspecified</database>
	</source>
	<size>
		<width>1024</width>
		<height>576</height>
		<depth>3</depth>
	</size>
	<object>
		<name>Pacha</name>
		<pose>Unspecified</pose>
		<truncated>Unspecified</truncated>
		<difficult>Unspecified</difficult>
		<bndbox>
			<xmin>719</xmin>
			<ymin>125</ymin>
			<xmax>796</xmax>
			<ymax>180</ymax>
		</bndbox>
	</object>
</annotation>