<annotation>
	<folder>kathakali-characters</folder>
	<filename>00564.jpg</filename>
	<path>/kathakali-characters/00564.jpg</path>
	<source>
		<database>Unspecified</database>
	</source>
	<size>
		<width>1280</width>
		<height>720</height>
		<depth>3</depth>
	</size>
	<object>
		<name>Kathi</name>
		<pose>Unspecified</pose>
		<truncated>Unspecified</truncated>
		<difficult>Unspecified</difficult>
		<bndbox>
			<xmin>1019</xmin>
			<ymin>179</ymin>
			<xmax>1082</xmax>
			<ymax>247</ymax>
		</bndbox>
	</object>
</annotation>