<annotation>
	<folder>kathakali-characters</folder>
	<filename>00575.jpg</filename>
	<path>/kathakali-characters/00575.jpg</path>
	<source>
		<database>Unspecified</database>
	</source>
	<size>
		<width>1280</width>
		<height>720</height>
		<depth>3</depth>
	</size>
	<object>
		<name>Kathi</name>
		<pose>Unspecified</pose>
		<truncated>Unspecified</truncated>
		<difficult>Unspecified</difficult>
		<bndbox>
			<xmin>272</xmin>
			<ymin>300</ymin>
			<xmax>353</xmax>
			<ymax>356</ymax>
		</bndbox>
	</object>
</annotation>