<annotation>
	<folder>kathakali-characters</folder>
	<filename>00570.jpg</filename>
	<path>/kathakali-characters/00570.jpg</path>
	<source>
		<database>Unspecified</database>
	</source>
	<size>
		<width>480</width>
		<height>360</height>
		<depth>3</depth>
	</size>
	<object>
		<name>Kathi</name>
		<pose>Unspecified</pose>
		<truncated>Unspecified</truncated>
		<difficult>Unspecified</difficult>
		<bndbox>
			<xmin>154</xmin>
			<ymin>108</ymin>
			<xmax>340</xmax>
			<ymax>230</ymax>
		</bndbox>
	</object>
</annotation>