<annotation>
	<folder>kathakali-characters</folder>
	<filename>00579.jpg</filename>
	<path>/kathakali-characters/00579.jpg</path>
	<source>
		<database>Unspecified</database>
	</source>
	<size>
		<width>200</width>
		<height>150</height>
		<depth>3</depth>
	</size>
	<object>
		<name>Pacha</name>
		<pose>Unspecified</pose>
		<truncated>Unspecified</truncated>
		<difficult>Unspecified</difficult>
		<bndbox>
			<xmin>31</xmin>
			<ymin>92</ymin>
			<xmax>90</xmax>
			<ymax>130</ymax>
		</bndbox>
	</object>
</annotation>