<annotation>
	<folder>kathakali-characters</folder>
	<filename>00578.jpg</filename>
	<path>/kathakali-characters/00578.jpg</path>
	<source>
		<database>Unspecified</database>
	</source>
	<size>
		<width>800</width>
		<height>600</height>
		<depth>3</depth>
	</size>
	<object>
		<name>Kathi</name>
		<pose>Unspecified</pose>
		<truncated>Unspecified</truncated>
		<difficult>Unspecified</difficult>
		<bndbox>
			<xmin>461</xmin>
			<ymin>219</ymin>
			<xmax>671</xmax>
			<ymax>385</ymax>
		</bndbox>
	</object>
</annotation>