<annotation>
	<folder>kathakali-characters</folder>
	<filename>00572.jpg</filename>
	<path>/kathakali-characters/00572.jpg</path>
	<source>
		<database>Unspecified</database>
	</source>
	<size>
		<width>480</width>
		<height>360</height>
		<depth>3</depth>
	</size>
	<object>
		<name>Pacha</name>
		<pose>Unspecified</pose>
		<truncated>Unspecified</truncated>
		<difficult>Unspecified</difficult>
		<bndbox>
			<xmin>222</xmin>
			<ymin>68</ymin>
			<xmax>305</xmax>
			<ymax>127</ymax>
		</bndbox>
	</object>
	<object>
		<name>Pacha</name>
		<pose>Unspecified</pose>
		<truncated>Unspecified</truncated>
		<difficult>Unspecified</difficult>
		<bndbox>
			<xmin>106</xmin>
			<ymin>250</ymin>
			<xmax>130</xmax>
			<ymax>270</ymax>
		</bndbox>
	</object>
</annotation>