<annotation>
	<folder>kathakali-characters</folder>
	<filename>00581.jpg</filename>
	<path>/kathakali-characters/00581.jpg</path>
	<source>
		<database>Unspecified</database>
	</source>
	<size>
		<width>297</width>
		<height>400</height>
		<depth>3</depth>
	</size>
	<object>
		<name>Pacha</name>
		<pose>Unspecified</pose>
		<truncated>Unspecified</truncated>
		<difficult>Unspecified</difficult>
		<bndbox>
			<xmin>117</xmin>
			<ymin>124</ymin>
			<xmax>201</xmax>
			<ymax>180</ymax>
		</bndbox>
	</object>
</annotation>