<annotation>
	<folder>kathakali-characters</folder>
	<filename>00586.jpg</filename>
	<path>/kathakali-characters/00586.jpg</path>
	<source>
		<database>Unspecified</database>
	</source>
	<size>
		<width>975</width>
		<height>600</height>
		<depth>3</depth>
	</size>
	<object>
		<name>Pacha</name>
		<pose>Unspecified</pose>
		<truncated>Unspecified</truncated>
		<difficult>Unspecified</difficult>
		<bndbox>
			<xmin>154</xmin>
			<ymin>303</ymin>
			<xmax>211</xmax>
			<ymax>359</ymax>
		</bndbox>
	</object>
	<object>
		<name>Pacha</name>
		<pose>Unspecified</pose>
		<truncated>Unspecified</truncated>
		<difficult>Unspecified</difficult>
		<bndbox>
			<xmin>252</xmin>
			<ymin>206</ymin>
			<xmax>286</xmax>
			<ymax>253</ymax>
		</bndbox>
	</object>
	<object>
		<name>Pacha</name>
		<pose>Unspecified</pose>
		<truncated>Unspecified</truncated>
		<difficult>Unspecified</difficult>
		<bndbox>
			<xmin>316</xmin>
			<ymin>247</ymin>
			<xmax>363</xmax>
			<ymax>280</ymax>
		</bndbox>
	</object>
	<object>
		<name>Pacha</name>
		<pose>Unspecified</pose>
		<truncated>Unspecified</truncated>
		<difficult>Unspecified</difficult>
		<bndbox>
			<xmin>430</xmin>
			<ymin>228</ymin>
			<xmax>477</xmax>
			<ymax>264</ymax>
		</bndbox>
	</object>
	<object>
		<name>Kathi</name>
		<pose>Unspecified</pose>
		<truncated>Unspecified</truncated>
		<difficult>Unspecified</difficult>
		<bndbox>
			<xmin>540</xmin>
			<ymin>170</ymin>
			<xmax>602</xmax>
			<ymax>227</ymax>
		</bndbox>
	</object>
</annotation>