<annotation>
	<folder>kathakali-characters</folder>
	<filename>00583.jpg</filename>
	<path>/kathakali-characters/00583.jpg</path>
	<source>
		<database>Unspecified</database>
	</source>
	<size>
		<width>1300</width>
		<height>800</height>
		<depth>3</depth>
	</size>
	<object>
		<name>Kathi</name>
		<pose>Unspecified</pose>
		<truncated>Unspecified</truncated>
		<difficult>Unspecified</difficult>
		<bndbox>
			<xmin>588</xmin>
			<ymin>260</ymin>
			<xmax>733</xmax>
			<ymax>362</ymax>
		</bndbox>
	</object>
</annotation>