<annotation>
	<folder>kathakali-characters</folder>
	<filename>00580.jpg</filename>
	<path>/kathakali-characters/00580.jpg</path>
	<source>
		<database>Unspecified</database>
	</source>
	<size>
		<width>4049</width>
		<height>3037</height>
		<depth>3</depth>
	</size>
	<object>
		<name>Pacha</name>
		<pose>Unspecified</pose>
		<truncated>Unspecified</truncated>
		<difficult>Unspecified</difficult>
		<bndbox>
			<xmin>993</xmin>
			<ymin>923</ymin>
			<xmax>2883</xmax>
			<ymax>2569</ymax>
		</bndbox>
	</object>
</annotation>