<annotation>
	<folder>kathakali-characters</folder>
	<filename>00588.jpg</filename>
	<path>/kathakali-characters/00588.jpg</path>
	<source>
		<database>Unspecified</database>
	</source>
	<size>
		<width>975</width>
		<height>600</height>
		<depth>3</depth>
	</size>
	<object>
		<name>Pacha</name>
		<pose>Unspecified</pose>
		<truncated>Unspecified</truncated>
		<difficult>Unspecified</difficult>
		<bndbox>
			<xmin>404</xmin>
			<ymin>235</ymin>
			<xmax>659</xmax>
			<ymax>430</ymax>
		</bndbox>
	</object>
</annotation>