<annotation>
	<folder>kathakali-characters</folder>
	<filename>00585.jpg</filename>
	<path>/kathakali-characters/00585.jpg</path>
	<source>
		<database>Unspecified</database>
	</source>
	<size>
		<width>975</width>
		<height>600</height>
		<depth>3</depth>
	</size>
	<object>
		<name>Pacha</name>
		<pose>Unspecified</pose>
		<truncated>Unspecified</truncated>
		<difficult>Unspecified</difficult>
		<bndbox>
			<xmin>160</xmin>
			<ymin>130</ymin>
			<xmax>236</xmax>
			<ymax>196</ymax>
		</bndbox>
	</object>
	<object>
		<name>Pacha</name>
		<pose>Unspecified</pose>
		<truncated>Unspecified</truncated>
		<difficult>Unspecified</difficult>
		<bndbox>
			<xmin>670</xmin>
			<ymin>154</ymin>
			<xmax>742</xmax>
			<ymax>216</ymax>
		</bndbox>
	</object>
</annotation>