<annotation>
	<folder>kathakali-characters</folder>
	<filename>00589.jpg</filename>
	<path>/kathakali-characters/00589.jpg</path>
	<source>
		<database>Unspecified</database>
	</source>
	<size>
		<width>975</width>
		<height>600</height>
		<depth>3</depth>
	</size>
	<object>
		<name>Pacha</name>
		<pose>Unspecified</pose>
		<truncated>Unspecified</truncated>
		<difficult>Unspecified</difficult>
		<bndbox>
			<xmin>264</xmin>
			<ymin>147</ymin>
			<xmax>339</xmax>
			<ymax>198</ymax>
		</bndbox>
	</object>
</annotation>