<annotation>
	<folder>kathakali-characters</folder>
	<filename>00582.jpg</filename>
	<path>/kathakali-characters/00582.jpg</path>
	<source>
		<database>Unspecified</database>
	</source>
	<size>
		<width>354</width>
		<height>500</height>
		<depth>3</depth>
	</size>
	<object>
		<name>Pacha</name>
		<pose>Unspecified</pose>
		<truncated>Unspecified</truncated>
		<difficult>Unspecified</difficult>
		<bndbox>
			<xmin>247</xmin>
			<ymin>361</ymin>
			<xmax>296</xmax>
			<ymax>395</ymax>
		</bndbox>
	</object>
</annotation>