<annotation>
	<folder>kathakali-characters</folder>
	<filename>00592.jpg</filename>
	<path>/kathakali-characters/00592.jpg</path>
	<source>
		<database>Unspecified</database>
	</source>
	<size>
		<width>668</width>
		<height>1000</height>
		<depth>3</depth>
	</size>
	<object>
		<name>Pacha</name>
		<pose>Unspecified</pose>
		<truncated>Unspecified</truncated>
		<difficult>Unspecified</difficult>
		<bndbox>
			<xmin>160</xmin>
			<ymin>386</ymin>
			<xmax>495</xmax>
			<ymax>630</ymax>
		</bndbox>
	</object>
</annotation>