<annotation>
	<folder>kathakali-characters</folder>
	<filename>00598.jpg</filename>
	<path>/kathakali-characters/00598.jpg</path>
	<source>
		<database>Unspecified</database>
	</source>
	<size>
		<width>900</width>
		<height>593</height>
		<depth>3</depth>
	</size>
	<object>
		<name>Pacha</name>
		<pose>Unspecified</pose>
		<truncated>Unspecified</truncated>
		<difficult>Unspecified</difficult>
		<bndbox>
			<xmin>482</xmin>
			<ymin>252</ymin>
			<xmax>608</xmax>
			<ymax>344</ymax>
		</bndbox>
	</object>
</annotation>