<annotation>
	<folder>kathakali-characters</folder>
	<filename>00590.jpg</filename>
	<path>/kathakali-characters/00590.jpg</path>
	<source>
		<database>Unspecified</database>
	</source>
	<size>
		<width>975</width>
		<height>600</height>
		<depth>3</depth>
	</size>
	<object>
		<name>Pacha</name>
		<pose>Unspecified</pose>
		<truncated>Unspecified</truncated>
		<difficult>Unspecified</difficult>
		<bndbox>
			<xmin>222</xmin>
			<ymin>165</ymin>
			<xmax>283</xmax>
			<ymax>213</ymax>
		</bndbox>
	</object>
</annotation>