<annotation>
	<folder>kathakali-characters</folder>
	<filename>00597.jpg</filename>
	<path>/kathakali-characters/00597.jpg</path>
	<source>
		<database>Unspecified</database>
	</source>
	<size>
		<width>763</width>
		<height>900</height>
		<depth>3</depth>
	</size>
	<object>
		<name>Pacha</name>
		<pose>Unspecified</pose>
		<truncated>Unspecified</truncated>
		<difficult>Unspecified</difficult>
		<bndbox>
			<xmin>291</xmin>
			<ymin>363</ymin>
			<xmax>460</xmax>
			<ymax>482</ymax>
		</bndbox>
	</object>
</annotation>