<annotation>
	<folder>kathakali-characters</folder>
	<filename>00599.jpg</filename>
	<path>/kathakali-characters/00599.jpg</path>
	<source>
		<database>Unspecified</database>
	</source>
	<size>
		<width>459</width>
		<height>595</height>
		<depth>3</depth>
	</size>
	<object>
		<name>Pacha</name>
		<pose>Unspecified</pose>
		<truncated>Unspecified</truncated>
		<difficult>Unspecified</difficult>
		<bndbox>
			<xmin>183</xmin>
			<ymin>233</ymin>
			<xmax>402</xmax>
			<ymax>400</ymax>
		</bndbox>
	</object>
</annotation>