<annotation>
	<folder>kathakali-characters</folder>
	<filename>00591.jpg</filename>
	<path>/kathakali-characters/00591.jpg</path>
	<source>
		<database>Unspecified</database>
	</source>
	<size>
		<width>975</width>
		<height>600</height>
		<depth>3</depth>
	</size>
	<object>
		<name>Pacha</name>
		<pose>Unspecified</pose>
		<truncated>Unspecified</truncated>
		<difficult>Unspecified</difficult>
		<bndbox>
			<xmin>298</xmin>
			<ymin>151</ymin>
			<xmax>415</xmax>
			<ymax>225</ymax>
		</bndbox>
	</object>
</annotation>