<annotation>
	<folder>kathakali-characters</folder>
	<filename>00595.jpg</filename>
	<path>/kathakali-characters/00595.jpg</path>
	<source>
		<database>Unspecified</database>
	</source>
	<size>
		<width>653</width>
		<height>900</height>
		<depth>3</depth>
	</size>
	<object>
		<name>Pacha</name>
		<pose>Unspecified</pose>
		<truncated>Unspecified</truncated>
		<difficult>Unspecified</difficult>
		<bndbox>
			<xmin>267</xmin>
			<ymin>291</ymin>
			<xmax>427</xmax>
			<ymax>397</ymax>
		</bndbox>
	</object>
</annotation>