<annotation>
	<folder>kathakali-characters</folder>
	<filename>00593.jpg</filename>
	<path>/kathakali-characters/00593.jpg</path>
	<source>
		<database>Unspecified</database>
	</source>
	<size>
		<width>357</width>
		<height>480</height>
		<depth>3</depth>
	</size>
	<object>
		<name>Pacha</name>
		<pose>Unspecified</pose>
		<truncated>Unspecified</truncated>
		<difficult>Unspecified</difficult>
		<bndbox>
			<xmin>135</xmin>
			<ymin>147</ymin>
			<xmax>200</xmax>
			<ymax>192</ymax>
		</bndbox>
	</object>
</annotation>