<annotation>
	<folder>kathakali-characters</folder>
	<filename>00605.jpg</filename>
	<path>/kathakali-characters/00605.jpg</path>
	<source>
		<database>Unspecified</database>
	</source>
	<size>
		<width>1200</width>
		<height>900</height>
		<depth>3</depth>
	</size>
	<object>
		<name>Pacha</name>
		<pose>Unspecified</pose>
		<truncated>Unspecified</truncated>
		<difficult>Unspecified</difficult>
		<bndbox>
			<xmin>895</xmin>
			<ymin>176</ymin>
			<xmax>989</xmax>
			<ymax>250</ymax>
		</bndbox>
	</object>
</annotation>