<annotation>
	<folder>kathakali-characters</folder>
	<filename>00603.jpg</filename>
	<path>/kathakali-characters/00603.jpg</path>
	<source>
		<database>Unspecified</database>
	</source>
	<size>
		<width>1200</width>
		<height>667</height>
		<depth>3</depth>
	</size>
	<object>
		<name>Kathi</name>
		<pose>Unspecified</pose>
		<truncated>Unspecified</truncated>
		<difficult>Unspecified</difficult>
		<bndbox>
			<xmin>730</xmin>
			<ymin>258</ymin>
			<xmax>887</xmax>
			<ymax>397</ymax>
		</bndbox>
	</object>
</annotation>