<annotation>
	<folder>kathakali-characters</folder>
	<filename>00609.jpg</filename>
	<path>/kathakali-characters/00609.jpg</path>
	<source>
		<database>Unspecified</database>
	</source>
	<size>
		<width>2372</width>
		<height>1334</height>
		<depth>3</depth>
	</size>
	<object>
		<name>Pacha</name>
		<pose>Unspecified</pose>
		<truncated>Unspecified</truncated>
		<difficult>Unspecified</difficult>
		<bndbox>
			<xmin>53</xmin>
			<ymin>2</ymin>
			<xmax>2196</xmax>
			<ymax>1334</ymax>
		</bndbox>
	</object>
</annotation>