<annotation>
	<folder>kathakali-characters</folder>
	<filename>00601.jpg</filename>
	<path>/kathakali-characters/00601.jpg</path>
	<source>
		<database>Unspecified</database>
	</source>
	<size>
		<width>900</width>
		<height>450</height>
		<depth>3</depth>
	</size>
	<object>
		<name>Pacha</name>
		<pose>Unspecified</pose>
		<truncated>Unspecified</truncated>
		<difficult>Unspecified</difficult>
		<bndbox>
			<xmin>364</xmin>
			<ymin>103</ymin>
			<xmax>429</xmax>
			<ymax>141</ymax>
		</bndbox>
	</object>
</annotation>