<annotation>
	<folder>kathakali-characters</folder>
	<filename>00607.jpg</filename>
	<path>/kathakali-characters/00607.jpg</path>
	<source>
		<database>Unspecified</database>
	</source>
	<size>
		<width>1200</width>
		<height>750</height>
		<depth>3</depth>
	</size>
	<object>
		<name>Pacha</name>
		<pose>Unspecified</pose>
		<truncated>Unspecified</truncated>
		<difficult>Unspecified</difficult>
		<bndbox>
			<xmin>555</xmin>
			<ymin>248</ymin>
			<xmax>642</xmax>
			<ymax>304</ymax>
		</bndbox>
	</object>
</annotation>