<annotation>
	<folder>kathakali-characters</folder>
	<filename>00604.jpg</filename>
	<path>/kathakali-characters/00604.jpg</path>
	<source>
		<database>Unspecified</database>
	</source>
	<size>
		<width>759</width>
		<height>422</height>
		<depth>3</depth>
	</size>
	<object>
		<name>Pacha</name>
		<pose>Unspecified</pose>
		<truncated>Unspecified</truncated>
		<difficult>Unspecified</difficult>
		<bndbox>
			<xmin>511</xmin>
			<ymin>64</ymin>
			<xmax>577</xmax>
			<ymax>121</ymax>
		</bndbox>
	</object>
</annotation>