<annotation>
	<folder>kathakali-characters</folder>
	<filename>00600.jpg</filename>
	<path>/kathakali-characters/00600.jpg</path>
	<source>
		<database>Unspecified</database>
	</source>
	<size>
		<width>600</width>
		<height>300</height>
		<depth>3</depth>
	</size>
	<object>
		<name>Pacha</name>
		<pose>Unspecified</pose>
		<truncated>Unspecified</truncated>
		<difficult>Unspecified</difficult>
		<bndbox>
			<xmin>204</xmin>
			<ymin>113</ymin>
			<xmax>296</xmax>
			<ymax>207</ymax>
		</bndbox>
	</object>
	<object>
		<name>Pacha</name>
		<pose>Unspecified</pose>
		<truncated>Unspecified</truncated>
		<difficult>Unspecified</difficult>
		<bndbox>
			<xmin>296</xmin>
			<ymin>51</ymin>
			<xmax>373</xmax>
			<ymax>182</ymax>
		</bndbox>
	</object>
</annotation>