<annotation>
	<folder>kathakali-characters</folder>
	<filename>00606.jpg</filename>
	<path>/kathakali-characters/00606.jpg</path>
	<source>
		<database>Unspecified</database>
	</source>
	<size>
		<width>1000</width>
		<height>667</height>
		<depth>3</depth>
	</size>
	<object>
		<name>Pacha</name>
		<pose>Unspecified</pose>
		<truncated>Unspecified</truncated>
		<difficult>Unspecified</difficult>
		<bndbox>
			<xmin>364</xmin>
			<ymin>379</ymin>
			<xmax>607</xmax>
			<ymax>538</ymax>
		</bndbox>
	</object>
</annotation>