<annotation>
	<folder>kathakali-characters</folder>
	<filename>00608.jpg</filename>
	<path>/kathakali-characters/00608.jpg</path>
	<source>
		<database>Unspecified</database>
	</source>
	<size>
		<width>6322</width>
		<height>4878</height>
		<depth>3</depth>
	</size>
	<object>
		<name>Pacha</name>
		<pose>Unspecified</pose>
		<truncated>Unspecified</truncated>
		<difficult>Unspecified</difficult>
		<bndbox>
			<xmin>1921</xmin>
			<ymin>1357</ymin>
			<xmax>2628</xmax>
			<ymax>1881</ymax>
		</bndbox>
	</object>
</annotation>