<annotation>
	<folder>kathakali-characters</folder>
	<filename>00602.jpg</filename>
	<path>/kathakali-characters/00602.jpg</path>
	<source>
		<database>Unspecified</database>
	</source>
	<size>
		<width>759</width>
		<height>422</height>
		<depth>3</depth>
	</size>
	<object>
		<name>Kathi</name>
		<pose>Unspecified</pose>
		<truncated>Unspecified</truncated>
		<difficult>Unspecified</difficult>
		<bndbox>
			<xmin>463</xmin>
			<ymin>163</ymin>
			<xmax>561</xmax>
			<ymax>251</ymax>
		</bndbox>
	</object>
</annotation>