<annotation>
	<folder>kathakali-characters</folder>
	<filename>00617.jpg</filename>
	<path>/kathakali-characters/00617.jpg</path>
	<source>
		<database>Unspecified</database>
	</source>
	<size>
		<width>800</width>
		<height>534</height>
		<depth>3</depth>
	</size>
	<object>
		<name>Pacha</name>
		<pose>Unspecified</pose>
		<truncated>Unspecified</truncated>
		<difficult>Unspecified</difficult>
		<bndbox>
			<xmin>459</xmin>
			<ymin>110</ymin>
			<xmax>518</xmax>
			<ymax>158</ymax>
		</bndbox>
	</object>
</annotation>