<annotation>
	<folder>kathakali-characters</folder>
	<filename>00610.jpg</filename>
	<path>/kathakali-characters/00610.jpg</path>
	<source>
		<database>Unspecified</database>
	</source>
	<size>
		<width>320</width>
		<height>480</height>
		<depth>3</depth>
	</size>
	<object>
		<name>Pacha</name>
		<pose>Unspecified</pose>
		<truncated>Unspecified</truncated>
		<difficult>Unspecified</difficult>
		<bndbox>
			<xmin>122</xmin>
			<ymin>137</ymin>
			<xmax>176</xmax>
			<ymax>179</ymax>
		</bndbox>
	</object>
</annotation>