<annotation>
	<folder>kathakali-characters</folder>
	<filename>00618.jpg</filename>
	<path>/kathakali-characters/00618.jpg</path>
	<source>
		<database>Unspecified</database>
	</source>
	<size>
		<width>1300</width>
		<height>1040</height>
		<depth>3</depth>
	</size>
	<object>
		<name>Pacha</name>
		<pose>Unspecified</pose>
		<truncated>Unspecified</truncated>
		<difficult>Unspecified</difficult>
		<bndbox>
			<xmin>398</xmin>
			<ymin>363</ymin>
			<xmax>676</xmax>
			<ymax>572</ymax>
		</bndbox>
	</object>
</annotation>