<annotation>
	<folder>kathakali-characters</folder>
	<filename>00614.jpg</filename>
	<path>/kathakali-characters/00614.jpg</path>
	<source>
		<database>Unspecified</database>
	</source>
	<size>
		<width>268</width>
		<height>280</height>
		<depth>3</depth>
	</size>
	<object>
		<name>Pacha</name>
		<pose>Unspecified</pose>
		<truncated>Unspecified</truncated>
		<difficult>Unspecified</difficult>
		<bndbox>
			<xmin>72</xmin>
			<ymin>100</ymin>
			<xmax>120</xmax>
			<ymax>136</ymax>
		</bndbox>
	</object>
</annotation>