<annotation>
	<folder>kathakali-characters</folder>
	<filename>00612.jpg</filename>
	<path>/kathakali-characters/00612.jpg</path>
	<source>
		<database>Unspecified</database>
	</source>
	<size>
		<width>2000</width>
		<height>1333</height>
		<depth>3</depth>
	</size>
	<object>
		<name>Pacha</name>
		<pose>Unspecified</pose>
		<truncated>Unspecified</truncated>
		<difficult>Unspecified</difficult>
		<bndbox>
			<xmin>177</xmin>
			<ymin>286</ymin>
			<xmax>1265</xmax>
			<ymax>1140</ymax>
		</bndbox>
	</object>
</annotation>