<annotation>
	<folder>kathakali-characters</folder>
	<filename>00615.jpg</filename>
	<path>/kathakali-characters/00615.jpg</path>
	<source>
		<database>Unspecified</database>
	</source>
	<size>
		<width>600</width>
		<height>501</height>
		<depth>3</depth>
	</size>
	<object>
		<name>Pacha</name>
		<pose>Unspecified</pose>
		<truncated>Unspecified</truncated>
		<difficult>Unspecified</difficult>
		<bndbox>
			<xmin>190</xmin>
			<ymin>132</ymin>
			<xmax>247</xmax>
			<ymax>183</ymax>
		</bndbox>
	</object>
</annotation>