<annotation>
	<folder>kathakali-characters</folder>
	<filename>00613.jpg</filename>
	<path>/kathakali-characters/00613.jpg</path>
	<source>
		<database>Unspecified</database>
	</source>
	<size>
		<width>326</width>
		<height>280</height>
		<depth>3</depth>
	</size>
	<object>
		<name>Pacha</name>
		<pose>Unspecified</pose>
		<truncated>Unspecified</truncated>
		<difficult>Unspecified</difficult>
		<bndbox>
			<xmin>55</xmin>
			<ymin>83</ymin>
			<xmax>99</xmax>
			<ymax>118</ymax>
		</bndbox>
	</object>
</annotation>