<annotation>
	<folder>kathakali-characters</folder>
	<filename>00611.jpg</filename>
	<path>/kathakali-characters/00611.jpg</path>
	<source>
		<database>Unspecified</database>
	</source>
	<size>
		<width>1000</width>
		<height>647</height>
		<depth>3</depth>
	</size>
	<object>
		<name>Kathi</name>
		<pose>Unspecified</pose>
		<truncated>Unspecified</truncated>
		<difficult>Unspecified</difficult>
		<bndbox>
			<xmin>210</xmin>
			<ymin>256</ymin>
			<xmax>341</xmax>
			<ymax>337</ymax>
		</bndbox>
	</object>
</annotation>