<annotation>
	<folder>kathakali-characters</folder>
	<filename>00629.jpg</filename>
	<path>/kathakali-characters/00629.jpg</path>
	<source>
		<database>Unspecified</database>
	</source>
	<size>
		<width>480</width>
		<height>271</height>
		<depth>3</depth>
	</size>
	<object>
		<name>Kathi</name>
		<pose>Unspecified</pose>
		<truncated>Unspecified</truncated>
		<difficult>Unspecified</difficult>
		<bndbox>
			<xmin>95</xmin>
			<ymin>51</ymin>
			<xmax>148</xmax>
			<ymax>95</ymax>
		</bndbox>
	</object>
</annotation>