<annotation>
	<folder>kathakali-characters</folder>
	<filename>00626.jpg</filename>
	<path>/kathakali-characters/00626.jpg</path>
	<source>
		<database>Unspecified</database>
	</source>
	<size>
		<width>480</width>
		<height>244</height>
		<depth>3</depth>
	</size>
	<object>
		<name>Pacha</name>
		<pose>Unspecified</pose>
		<truncated>Unspecified</truncated>
		<difficult>Unspecified</difficult>
		<bndbox>
			<xmin>311</xmin>
			<ymin>69</ymin>
			<xmax>333</xmax>
			<ymax>84</ymax>
		</bndbox>
	</object>
</annotation>