<annotation>
	<folder>kathakali-characters</folder>
	<filename>00621.jpg</filename>
	<path>/kathakali-characters/00621.jpg</path>
	<source>
		<database>Unspecified</database>
	</source>
	<size>
		<width>1488</width>
		<height>1052</height>
		<depth>3</depth>
	</size>
	<object>
		<name>Pacha</name>
		<pose>Unspecified</pose>
		<truncated>Unspecified</truncated>
		<difficult>Unspecified</difficult>
		<bndbox>
			<xmin>810</xmin>
			<ymin>90</ymin>
			<xmax>1300</xmax>
			<ymax>720</ymax>
		</bndbox>
	</object>
</annotation>