<annotation>
	<folder>kathakali-characters</folder>
	<filename>00624.jpg</filename>
	<path>/kathakali-characters/00624.jpg</path>
	<source>
		<database>Unspecified</database>
	</source>
	<size>
		<width>990</width>
		<height>660</height>
		<depth>3</depth>
	</size>
	<object>
		<name>Pacha</name>
		<pose>Unspecified</pose>
		<truncated>Unspecified</truncated>
		<difficult>Unspecified</difficult>
		<bndbox>
			<xmin>140</xmin>
			<ymin>32</ymin>
			<xmax>758</xmax>
			<ymax>563</ymax>
		</bndbox>
	</object>
</annotation>