<annotation>
	<folder>kathakali-characters</folder>
	<filename>00620.jpg</filename>
	<path>/kathakali-characters/00620.jpg</path>
	<source>
		<database>Unspecified</database>
	</source>
	<size>
		<width>864</width>
		<height>880</height>
		<depth>3</depth>
	</size>
	<object>
		<name>Pacha</name>
		<pose>Unspecified</pose>
		<truncated>Unspecified</truncated>
		<difficult>Unspecified</difficult>
		<bndbox>
			<xmin>281</xmin>
			<ymin>462</ymin>
			<xmax>599</xmax>
			<ymax>667</ymax>
		</bndbox>
	</object>
</annotation>