<annotation>
	<folder>kathakali-characters</folder>
	<filename>00625.jpg</filename>
	<path>/kathakali-characters/00625.jpg</path>
	<source>
		<database>Unspecified</database>
	</source>
	<size>
		<width>1024</width>
		<height>768</height>
		<depth>3</depth>
	</size>
	<object>
		<name>Pacha</name>
		<pose>Unspecified</pose>
		<truncated>Unspecified</truncated>
		<difficult>Unspecified</difficult>
		<bndbox>
			<xmin>290</xmin>
			<ymin>234</ymin>
			<xmax>384</xmax>
			<ymax>310</ymax>
		</bndbox>
	</object>
</annotation>