<annotation>
	<folder>kathakali-characters</folder>
	<filename>00635.jpg</filename>
	<path>/kathakali-characters/00635.jpg</path>
	<source>
		<database>Unspecified</database>
	</source>
	<size>
		<width>1200</width>
		<height>960</height>
		<depth>3</depth>
	</size>
	<object>
		<name>Pacha</name>
		<pose>Unspecified</pose>
		<truncated>Unspecified</truncated>
		<difficult>Unspecified</difficult>
		<bndbox>
			<xmin>270</xmin>
			<ymin>99</ymin>
			<xmax>547</xmax>
			<ymax>401</ymax>
		</bndbox>
	</object>
</annotation>