<annotation>
	<folder>kathakali-characters</folder>
	<filename>00630.jpg</filename>
	<path>/kathakali-characters/00630.jpg</path>
	<source>
		<database>Unspecified</database>
	</source>
	<size>
		<width>1237</width>
		<height>840</height>
		<depth>3</depth>
	</size>
	<object>
		<name>Pacha</name>
		<pose>Unspecified</pose>
		<truncated>Unspecified</truncated>
		<difficult>Unspecified</difficult>
		<bndbox>
			<xmin>350</xmin>
			<ymin>133</ymin>
			<xmax>608</xmax>
			<ymax>412</ymax>
		</bndbox>
	</object>
</annotation>