<annotation>
	<folder>kathakali-characters</folder>
	<filename>00634.jpg</filename>
	<path>/kathakali-characters/00634.jpg</path>
	<source>
		<database>Unspecified</database>
	</source>
	<size>
		<width>1200</width>
		<height>800</height>
		<depth>3</depth>
	</size>
	<object>
		<name>Pacha</name>
		<pose>Unspecified</pose>
		<truncated>Unspecified</truncated>
		<difficult>Unspecified</difficult>
		<bndbox>
			<xmin>210</xmin>
			<ymin>231</ymin>
			<xmax>287</xmax>
			<ymax>292</ymax>
		</bndbox>
	</object>
	<object>
		<name>Pacha</name>
		<pose>Unspecified</pose>
		<truncated>Unspecified</truncated>
		<difficult>Unspecified</difficult>
		<bndbox>
			<xmin>519</xmin>
			<ymin>228</ymin>
			<xmax>596</xmax>
			<ymax>288</ymax>
		</bndbox>
	</object>
</annotation>