<annotation>
	<folder>kathakali-characters</folder>
	<filename>00636.jpg</filename>
	<path>/kathakali-characters/00636.jpg</path>
	<source>
		<database>Unspecified</database>
	</source>
	<size>
		<width>1356</width>
		<height>2048</height>
		<depth>3</depth>
	</size>
	<object>
		<name>Pacha</name>
		<pose>Unspecified</pose>
		<truncated>Unspecified</truncated>
		<difficult>Unspecified</difficult>
		<bndbox>
			<xmin>459</xmin>
			<ymin>946</ymin>
			<xmax>886</xmax>
			<ymax>1264</ymax>
		</bndbox>
	</object>
</annotation>