<annotation>
	<folder>kathakali-characters</folder>
	<filename>00633.jpg</filename>
	<path>/kathakali-characters/00633.jpg</path>
	<source>
		<database>Unspecified</database>
	</source>
	<size>
		<width>1317</width>
		<height>2048</height>
		<depth>3</depth>
	</size>
	<object>
		<name>Pacha</name>
		<pose>Unspecified</pose>
		<truncated>Unspecified</truncated>
		<difficult>Unspecified</difficult>
		<bndbox>
			<xmin>530</xmin>
			<ymin>946</ymin>
			<xmax>1070</xmax>
			<ymax>1349</ymax>
		</bndbox>
	</object>
</annotation>