Pacha,383,250,134,102,00001.jpg,1440,958
Pacha,119,82,27,19,00002.jpg,192,288
Kathi,125,573,324,271,00003.jpg,729,1062
Pacha,225,156,74,59,00004.jpg,800,600
Pacha,479,247,35,61,00005.jpg,1200,799
Pacha,835,274,73,63,00005.jpg,1200,799
Pacha,737,337,108,77,00006.jpg,1600,1087
Pacha,64,114,50,36,00008.jpg,360,295
Pacha,192,178,40,37,00010.jpg,768,512
Pacha,484,198,47,34,00010.jpg,768,512
Pacha,705,205,40,31,00010.jpg,768,512
Pacha,190,105,34,45,00012.jpg,523,400
Pacha,257,128,33,34,00012.jpg,523,400
Pacha,432,435,236,182,00013.jpg,1067,1600
Pacha,179,115,81,54,00014.jpg,439,445
Pacha,76,135,65,48,00016.jpg,220,391
Kathi,402,233,63,45,00017.jpg,870,580
Kathi,201,94,47,40,00018.jpg,640,480
Pacha,131,281,22,35,00018.jpg,640,480
Pacha,354,401,397,273,00019.jpg,796,1024
Kathi,24,331,348,251,00021.jpg,400,601
Pacha,185,187,124,87,00022.jpg,507,746
Pacha,298,399,189,191,00023.jpg,800,1200
Pacha,118,126,45,30,00024.jpg,500,333
Pacha,334,88,50,37,00024.jpg,500,333
Pacha,890,306,84,55,00025.jpg,1280,854
Kathi,357,264,81,59,00025.jpg,1280,854
Pacha,379,254,263,182,00026.jpg,1024,683
Pacha,219,92,36,56,00027.jpg,350,250
Pacha,59,52,27,44,00027.jpg,350,250
Kathi,175,168,115,94,00030.jpg,522,510
Pacha,927,324,173,143,00031.jpg,1920,1080
Pacha,845,399,395,274,00033.jpg,1284,1024
Pacha,253,321,212,138,00034.jpg,700,525
Pacha,352,410,214,153,00035.jpg,866,1390
Pacha,39,57,33,22,00036.jpg,212,250
Kathi,139,52,36,25,00036.jpg,212,250
Pacha,117,157,63,47,00037.jpg,720,450
Pacha,500,139,66,51,00037.jpg,720,450
Pacha,632,176,54,41,00037.jpg,720,450
Pacha,400,178,53,38,00037.jpg,720,450
Pacha,881,221,84,56,00038.jpg,1280,854
Kathi,385,349,129,113,00039.jpg,636,630
Pacha,115,757,362,268,00041.jpg,3628,1323
Kathi,73,56,260,162,00043.jpg,400,288
Pacha,54,120,144,120,00044.jpg,240,320
Pacha,265,98,60,50,00046.jpg,700,467
Pacha,312,83,189,270,00048.jpg,800,528
Pacha,155,69,281,246,00051.jpg,500,449
Pacha,302,404,206,168,00052.jpg,800,1200
Pacha,52,139,90,62,00053.jpg,201,274
Pacha,129,328,61,53,00054.jpg,600,800
Pacha,792,43,189,155,00055.jpg,1200,630
Pacha,438,208,124,96,00056.jpg,972,1200
Kathi,202,125,23,18,00057.jpg,450,304
Pacha,231,115,77,49,00058.jpg,537,477
Pacha,240,469,51,79,00060.jpg,1500,916
Pacha,326,323,66,41,00060.jpg,1500,916
Pacha,564,319,69,42,00060.jpg,1500,916
Pacha,771,290,79,56,00060.jpg,1500,916
Pacha,935,265,77,58,00060.jpg,1500,916
Kathi,464,339,88,65,00060.jpg,1500,916
Pacha,105,302,20,35,00061.jpg,640,427
Kathi,221,171,56,30,00061.jpg,640,427
Pacha,362,383,173,113,00066.jpg,957,1300
Pacha,117,265,151,101,00067.jpg,402,600
Pacha,261,102,58,45,00068.jpg,700,410
Pacha,105,70,59,41,00069.jpg,275,320
Pacha,184,270,82,112,00070.jpg,1024,687
Pacha,363,456,187,146,00071.jpg,1024,1300
Pacha,665,64,157,107,00073.jpg,1200,630
Pacha,241,178,113,76,00075.jpg,640,427
Pacha,248,83,68,48,00076.jpg,550,550
Pacha,193,86,37,28,00078.jpg,500,375
Pacha,240,157,84,66,00079.jpg,400,400
Pacha,112,208,193,150,00082.jpg,425,599
Pacha,41,114,554,326,00083.jpg,640,489
Pacha,101,58,37,29,00085.jpg,400,266
Pacha,306,71,32,23,00085.jpg,400,266
Pacha,324,98,135,93,00086.jpg,600,300
Pacha,129,297,193,125,00087.jpg,1024,683
Pacha,225,167,150,99,00088.jpg,600,338
Pacha,167,157,54,38,00091.jpg,266,400
Pacha,484,239,164,130,00092.jpg,800,630
Kathi,156,147,20,25,00094.jpg,214,320
Pacha,53,43,70,51,00095.jpg,240,160
Pacha,198,200,78,55,00096.jpg,474,715
Pacha,244,136,162,121,00098.jpg,474,315
Pacha,189,138,87,63,00099.jpg,474,618
Pacha,2583,787,603,685,00102.jpg,3504,2332
Pacha,211,72,46,33,00103.jpg,474,263
Pacha,371,31,83,61,00103.jpg,474,263
Pacha,24,162,12,15,00103.jpg,474,263
Pacha,168,162,22,15,00103.jpg,474,263
Pacha,337,165,20,17,00103.jpg,474,263
Pacha,120,109,29,24,00104.jpg,474,355
Pacha,410,142,49,35,00106.jpg,474,303
Kathi,295,158,64,44,00106.jpg,474,303
Pacha,293,108,65,47,00107.jpg,474,502
Pacha,83,105,59,42,00107.jpg,474,502
Pacha,197,56,47,36,00109.jpg,558,258
Pacha,128,44,37,25,00110.jpg,270,180
Pacha,119,105,52,39,00111.jpg,474,314
Kathi,106,137,65,79,00112.jpg,332,499
Pacha,163,749,782,542,00113.jpg,1067,1689
Pacha,271,614,463,341,00114.jpg,1047,1689
Pacha,591,474,387,251,00115.jpg,1300,1312
Kathi,403,520,232,153,00116.jpg,1067,1689
Pacha,390,213,101,88,00117.jpg,1300,945
Pacha,410,350,66,118,00121.jpg,1300,957
Pacha,424,402,109,84,00122.jpg,1300,957
Pacha,201,314,322,317,00123.jpg,1300,957
Pacha,519,437,238,166,00124.jpg,1300,960
Pacha,343,294,141,101,00127.jpg,939,1300
Pacha,334,323,145,99,00131.jpg,1300,894
Pacha,325,392,235,153,00133.jpg,945,1300
Pacha,311,245,163,131,00134.jpg,1300,957
Pacha,381,296,147,116,00137.jpg,1300,956
Pacha,455,197,114,90,00138.jpg,1300,957
Pacha,375,227,51,79,00140.jpg,1300,957
Kathi,558,253,74,69,00140.jpg,1300,957
Pacha,293,349,52,92,00141.jpg,1300,957
Kathi,560,254,63,71,00141.jpg,1300,957
Kathi,653,266,76,62,00142.jpg,1300,957
Pacha,347,188,58,79,00142.jpg,1300,957
Pacha,825,200,97,92,00143.jpg,1300,910
Pacha,600,228,121,87,00144.jpg,1300,957
Pacha,360,315,144,104,00145.jpg,1300,910
Pacha,485,371,324,211,00147.jpg,1300,1040
Pacha,544,354,222,145,00148.jpg,1300,958
Pacha,376,238,141,98,00150.jpg,1300,957
Pacha,502,258,195,126,00151.jpg,1300,956
Pacha,593,304,156,107,00152.jpg,1300,954
Pacha,378,619,357,208,00154.jpg,1300,957
Pacha,309,338,272,168,00155.jpg,1036,1300
Pacha,401,719,312,236,00156.jpg,1063,1689
Pacha,458,597,271,208,00157.jpg,1063,1689
Pacha,473,500,251,190,00158.jpg,1280,1689
Kathi,623,211,658,523,00159.jpg,1300,953
Pacha,298,370,244,161,00160.jpg,957,1300
Pacha,375,289,156,108,00161.jpg,1600,1156
Pacha,227,271,162,106,00162.jpg,592,900
Pacha,245,243,144,92,00163.jpg,602,900
Pacha,381,146,144,109,00166.jpg,800,533
Pacha,204,197,91,62,00167.jpg,800,494
Pacha,253,177,75,68,00170.jpg,800,641
Pacha,199,122,328,201,00172.jpg,800,533
Kathi,183,328,229,189,00174.jpg,600,900
Pacha,329,323,220,167,00175.jpg,800,533
Pacha,271,165,77,63,00176.jpg,800,533
Pacha,349,183,87,87,00177.jpg,600,900
Pacha,194,125,421,321,00178.jpg,800,533
Pacha,199,178,76,53,00179.jpg,800,500
Pacha,230,137,31,51,00182.jpg,800,533
Kathi,343,157,46,43,00182.jpg,800,533
Pacha,199,444,260,185,00183.jpg,600,900
Pacha,381,145,145,108,00187.jpg,800,533
Pacha,181,342,224,141,00189.jpg,600,900
Pacha,258,184,102,71,00190.jpg,601,900
Pacha,241,235,146,98,00191.jpg,614,900
Pacha,193,236,134,85,00192.jpg,599,900
Pacha,317,210,114,84,00194.jpg,800,709
Pacha,370,141,74,52,00198.jpg,800,533
Pacha,180,216,34,55,00199.jpg,800,533
Kathi,345,156,39,43,00199.jpg,800,533
Pacha,212,155,157,102,00200.jpg,600,900
Pacha,210,280,152,113,00202.jpg,800,535
Pacha,480,182,83,82,00203.jpg,800,535
Pacha,200,317,201,137,00204.jpg,600,900
Pacha,234,246,157,98,00205.jpg,656,900
Pacha,288,243,133,88,00206.jpg,734,900
Kathi,219,300,157,102,00208.jpg,600,900
Pacha,257,356,219,146,00210.jpg,676,900
Pacha,224,456,235,172,00213.jpg,599,900
Pacha,217,306,291,218,00214.jpg,599,900
Pacha,93,421,440,306,00215.jpg,600,900
Pacha,291,205,108,73,00216.jpg,800,608
Pacha,145,340,288,206,00217.jpg,600,900
Pacha,254,200,173,125,00219.jpg,663,900
Pacha,329,252,152,118,00220.jpg,800,533
Pacha,256,180,102,68,00221.jpg,600,900
Pacha,239,356,217,150,00223.jpg,800,533
Pacha,292,183,105,73,00224.jpg,800,668
Pacha,222,190,101,64,00225.jpg,557,900
Pacha,230,171,104,68,00226.jpg,565,900
Pacha,283,406,214,139,00227.jpg,800,800
Pacha,444,638,3,3,00227.jpg,800,800
Pacha,293,252,125,83,00228.jpg,800,618
Kathi,438,152,111,79,00229.jpg,800,533
Pacha,262,191,55,61,00230.jpg,800,533
Kathi,349,227,126,92,00231.jpg,700,900
Pacha,140,494,211,173,00232.jpg,589,900
Kathi,262,277,93,65,00233.jpg,578,900
Kathi,382,130,407,321,00234.jpg,800,531
Pacha,438,139,74,69,00235.jpg,650,488
Pacha,201,79,45,32,00236.jpg,480,368
Kathi,623,487,295,188,00238.jpg,1500,1200
Pacha,214,502,269,189,00240.jpg,620,945
Kathi,2655,870,534,440,00241.jpg,4194,2791
Pacha,794,517,376,278,00242.jpg,2048,1652
Pacha,560,187,141,113,00243.jpg,1254,837
Pacha,987,261,35,56,00243.jpg,1254,837
Pacha,115,517,444,298,00244.jpg,729,1097
Pacha,229,557,542,346,00245.jpg,1060,1600
Pacha,482,482,286,269,00246.jpg,1600,1067
Pacha,482,487,286,264,00247.jpg,1600,1067
Pacha,488,248,130,85,00248.jpg,1600,1065
Pacha,870,237,113,81,00248.jpg,1600,1065
Kathi,267,510,248,174,00249.jpg,1600,1066
Pacha,56,946,582,397,00251.jpg,1600,1600
Pacha,188,134,91,63,00253.jpg,800,600
Pacha,211,52,50,43,00254.jpg,320,240
Kathi,80,191,56,46,00255.jpg,720,540
Pacha,659,492,369,200,00256.jpg,1600,1060
Pacha,100,100,67,47,00257.jpg,272,400
Pacha,716,254,391,326,00258.jpg,1600,1069
Pacha,318,320,241,149,00259.jpg,746,847
Pacha,843,254,383,364,00260.jpg,1600,896
Pacha,973,777,2,0,00260.jpg,1600,896
Kathi,127,880,569,387,00261.jpg,1059,1600
Pacha,174,433,404,296,00262.jpg,960,878
Pacha,234,244,268,197,00263.jpg,780,1024
Pacha,412,656,4,3,00263.jpg,780,1024
Pacha,266,280,172,98,00264.jpg,1600,1066
Pacha,590,673,0,1,00264.jpg,1600,1066
Pacha,322,433,306,199,00265.jpg,1200,1600
Pacha,333,229,240,183,00268.jpg,1000,666
Kathi,371,120,127,92,00269.jpg,870,217
Pacha,448,940,242,354,00270.jpg,1200,1600
Pacha,456,503,192,139,00272.jpg,1200,1600
Pacha,369,220,54,44,00273.jpg,768,513
Pacha,615,230,45,38,00273.jpg,768,513
Pacha,519,151,68,40,00275.jpg,800,500
Pacha,122,202,49,31,00275.jpg,800,500
Pacha,68,362,1274,792,00276.jpg,2180,1267
Pacha,100,148,41,31,00277.jpg,663,441
Pacha,173,247,45,38,00277.jpg,663,441
Pacha,211,228,27,29,00277.jpg,663,441
Pacha,256,262,31,23,00277.jpg,663,441
Kathi,326,203,47,35,00277.jpg,663,441
Pacha,299,151,120,82,00278.jpg,720,405
Pacha,824,168,137,100,00279.jpg,1400,670
Pacha,1082,282,76,66,00279.jpg,1400,670
Pacha,659,168,137,100,00280.jpg,1070,670
Pacha,918,282,75,67,00280.jpg,1070,670
Pacha,47,92,51,38,00281.jpg,250,239
Pacha,124,61,27,19,00282.jpg,252,219
Pacha,158,84,22,17,00282.jpg,252,219
Pacha,198,75,26,23,00283.jpg,279,229
Pacha,76,51,36,26,00284.jpg,262,211
Kathi,68,51,29,22,00285.jpg,182,269
Pacha,106,64,24,25,00286.jpg,249,220
Pacha,159,180,252,250,00288.jpg,1024,550
Pacha,344,95,36,38,00289.jpg,630,379
Pacha,62,54,51,40,00289.jpg,630,379
Pacha,1361,462,162,212,00290.jpg,2000,1333
Pacha,227,247,189,127,00291.jpg,715,900
Pacha,658,249,66,48,00292.jpg,1200,800
Pacha,713,183,60,49,00293.jpg,960,640
Pacha,111,259,81,61,00294.jpg,450,600
Pacha,142,39,1114,729,00296.jpg,1365,768
Pacha,70,84,56,43,00297.jpg,326,326
Pacha,149,293,164,156,00298.jpg,960,657
Pacha,225,303,53,38,00299.jpg,1024,576
Pacha,901,160,48,37,00299.jpg,1024,576
Pacha,790,184,39,29,00299.jpg,1024,576
Pacha,713,201,31,29,00299.jpg,1024,576
Kathi,445,232,42,31,00299.jpg,1024,576
Pacha,279,214,99,75,00300.jpg,975,600
Pacha,488,226,129,99,00301.jpg,1920,1080
Pacha,382,261,143,107,00302.jpg,1366,768
Pacha,711,92,42,54,00303.jpg,1180,369
Kathi,275,164,48,35,00304.jpg,578,440
Pacha,379,341,214,151,00305.jpg,1280,1280
Pacha,385,142,89,75,00306.jpg,1024,684
Pacha,791,242,101,69,00307.jpg,1200,803
Kathi,155,279,97,68,00307.jpg,1200,803
Pacha,321,118,54,38,00308.jpg,800,450
Pacha,590,549,277,232,00309.jpg,1290,1080
Pacha,299,168,79,65,00310.jpg,1000,659
Pacha,493,167,2269,2026,00311.jpg,3947,2802
Pacha,1081,616,292,212,00312.jpg,2124,1413
Pacha,941,657,174,119,00313.jpg,2121,1414
Kathi,364,282,1384,957,00314.jpg,2122,1415
Pacha,236,189,211,163,00315.jpg,1000,668
Pacha,1353,629,174,240,00316.jpg,1920,1308
Pacha,2583,775,603,703,00317.jpg,3504,2332
Pacha,316,284,159,144,00318.jpg,1200,777
Kathi,215,383,212,155,00319.jpg,729,1062
Kathi,188,241,145,103,00320.jpg,500,500
Kathi,387,570,173,224,00321.jpg,729,1062
Pacha,529,799,440,299,00322.jpg,1600,1710
Kathi,849,532,101,73,00324.jpg,1900,1285
Pacha,501,233,229,156,00325.jpg,1170,692
Pacha,503,232,227,157,00326.jpg,1170,692
Pacha,669,46,786,636,00327.jpg,1487,855
Kathi,129,85,40,48,00328.jpg,700,467
Kathi,86,56,26,32,00329.jpg,462,306
Pacha,555,277,127,89,00333.jpg,1278,851
Pacha,226,300,51,40,00335.jpg,1024,576
Pacha,901,159,48,37,00335.jpg,1024,576
Pacha,790,183,39,30,00335.jpg,1024,576
Pacha,713,203,32,28,00335.jpg,1024,576
Kathi,445,232,42,31,00335.jpg,1024,576
Pacha,274,105,67,49,00338.jpg,720,405
Pacha,618,753,292,189,00339.jpg,3008,2000
Pacha,1151,709,75,145,00339.jpg,3008,2000
Pacha,1397,714,186,135,00339.jpg,3008,2000
Pacha,1774,732,129,119,00339.jpg,3008,2000
Kathi,2080,497,204,163,00339.jpg,3008,2000
Pacha,288,185,74,66,00341.jpg,432,650
Pacha,173,130,72,49,00342.jpg,720,382
Pacha,194,120,141,122,00343.jpg,840,560
Pacha,316,291,200,131,00344.jpg,860,800
Pacha,347,297,111,96,00345.jpg,1280,853
Pacha,163,301,203,142,00346.jpg,480,640
Pacha,416,200,41,49,00347.jpg,1024,640
Pacha,578,214,70,59,00348.jpg,1200,781
Pacha,355,155,32,43,00349.jpg,800,533
Pacha,477,452,0,1,00349.jpg,800,533
Pacha,62,88,33,24,00350.jpg,370,300
Pacha,136,130,20,15,00350.jpg,370,300
Pacha,233,103,29,23,00350.jpg,370,300
Pacha,398,299,252,175,00351.jpg,1000,707
Pacha,345,234,126,86,00352.jpg,1188,800
Pacha,115,340,495,352,00353.jpg,669,1000
Kathi,71,308,539,382,00354.jpg,671,1000
Pacha,1290,1019,131,120,00355.jpg,3648,2736
Pacha,409,519,278,196,00356.jpg,1068,869
Pacha,83,179,133,99,00357.jpg,350,425
Pacha,270,246,115,103,00358.jpg,900,563
Pacha,468,179,113,76,00360.jpg,820,447
Pacha,145,150,59,45,00361.jpg,963,561
Pacha,251,292,65,56,00361.jpg,963,561
Kathi,472,229,67,51,00361.jpg,963,561
Pacha,140,164,50,38,00362.jpg,840,529
Pacha,229,283,54,46,00362.jpg,840,529
Kathi,411,230,56,42,00362.jpg,840,529
Pacha,80,47,25,18,00363.jpg,187,216
Pacha,338,239,207,136,00364.jpg,1490,600
Pacha,174,242,166,115,00365.jpg,820,617
Pacha,462,254,288,221,00366.jpg,1024,615
Pacha,175,192,65,53,00367.jpg,1000,667
Pacha,432,191,64,51,00367.jpg,1000,667
Pacha,465,149,83,65,00368.jpg,1000,667
Pacha,297,284,107,96,00369.jpg,1024,681
Pacha,297,285,108,95,00370.jpg,1024,681
Pacha,62,57,292,181,00371.jpg,500,300
Pacha,341,177,87,83,00372.jpg,918,608
Pacha,679,376,188,134,00373.jpg,1670,940
Pacha,39,227,43,58,00374.jpg,700,700
Pacha,123,280,62,42,00374.jpg,700,700
Pacha,274,251,61,48,00374.jpg,700,700
Kathi,417,179,80,71,00374.jpg,700,700
Pacha,264,97,61,51,00375.jpg,700,467
Pacha,442,235,64,47,00376.jpg,1024,649
Kathi,906,354,279,220,00377.jpg,1440,900
Pacha,1051,262,161,116,00378.jpg,1600,1200
Pacha,90,303,332,244,00378.jpg,1600,1200
Pacha,6,283,837,633,00379.jpg,1280,1024
Pacha,1419,405,242,255,00380.jpg,1920,1200
Pacha,116,110,51,47,00381.jpg,240,331
Pacha,52,65,37,28,00382.jpg,300,318
Pacha,184,66,43,33,00382.jpg,300,318
Pacha,194,129,609,444,00383.jpg,1000,665
Kathi,456,260,161,121,00384.jpg,1600,900
Pacha,136,113,128,105,00385.jpg,264,264
Pacha,37,30,70,53,00386.jpg,133,110
Pacha,717,373,245,175,00387.jpg,1600,1221
Pacha,304,182,113,70,00389.jpg,1000,650
Pacha,245,131,86,63,00390.jpg,600,500
Pacha,192,376,213,147,00391.jpg,588,894
Pacha,425,229,69,55,00392.jpg,944,640
Pacha,50,26,383,267,00393.jpg,500,310
Pacha,203,746,482,353,00394.jpg,1689,2551
Pacha,255,232,175,123,00395.jpg,680,1023
Pacha,454,927,288,257,00396.jpg,1130,1600
Pacha,247,171,73,55,00397.jpg,640,640
Pacha,720,346,91,85,00398.jpg,1024,768
Pacha,40,36,374,303,00399.jpg,600,400
Pacha,663,255,247,170,00400.jpg,1600,1066
Pacha,506,469,120,75,00403.jpg,1600,1200
Pacha,506,569,333,244,00405.jpg,1200,1600
Pacha,145,82,43,30,00406.jpg,400,300
Pacha,171,212,107,99,00407.jpg,1024,768
Pacha,171,141,106,97,00408.jpg,1024,538
Pacha,399,410,217,139,00410.jpg,1155,1732
Pacha,189,419,152,101,00412.jpg,1200,800
Pacha,272,602,220,148,00413.jpg,1732,1155
Pacha,430,942,1451,1188,00415.jpg,2048,3072
Kathi,1894,266,1709,2484,00416.jpg,4752,3168
Pacha,797,399,212,161,00418.jpg,2128,1416
Pacha,208,1346,2278,1685,00419.jpg,2731,4096
Pacha,254,223,462,312,00420.jpg,1000,665
Pacha,243,220,457,310,00421.jpg,1000,665
Kathi,786,1523,955,650,00422.jpg,2499,3749
Pacha,211,580,446,298,00424.jpg,738,1024
Pacha,213,430,247,245,00425.jpg,720,1028
Pacha,597,314,109,84,00426.jpg,1280,960
Kathi,2178,1221,1180,1332,00427.jpg,5184,3456
Pacha,308,434,141,104,00428.jpg,720,1280
Pacha,154,94,73,52,00429.jpg,320,251
Pacha,1171,1476,982,649,00430.jpg,3264,2448
Pacha,462,482,209,170,00431.jpg,1542,2048
Pacha,307,1858,1723,1643,00432.jpg,2592,3872
Pacha,23,149,161,113,00433.jpg,290,435
Kathi,481,431,148,114,00434.jpg,1080,1350
Pacha,1698,1670,1033,718,00435.jpg,3456,5184
Pacha,538,509,371,302,00438.jpg,1365,2048
Pacha,269,250,107,81,00439.jpg,750,937
Pacha,741,497,164,120,00441.jpg,1000,1000
Pacha,343,214,428,276,00442.jpg,1476,984
Pacha,325,326,718,494,00443.jpg,1555,1037
Kathi,633,755,127,142,00444.jpg,1537,2000
Pacha,159,247,75,57,00445.jpg,900,600
Pacha,484,271,62,46,00445.jpg,900,600
Pacha,599,227,79,60,00445.jpg,900,600
Pacha,751,269,64,50,00445.jpg,900,600
Pacha,661,684,207,156,00446.jpg,1399,2048
Pacha,212,91,53,46,00447.jpg,640,491
Kathi,177,369,3615,2344,00448.jpg,4752,3168
Pacha,2838,781,272,456,00449.jpg,3888,2592
Kathi,1453,936,389,355,00449.jpg,3888,2592
Pacha,279,125,70,50,00450.jpg,500,468
Pacha,174,137,79,66,00452.jpg,427,640
Pacha,357,96,30,28,00453.jpg,470,350
Kathi,527,493,278,220,00454.jpg,1363,2048
Pacha,233,156,77,55,00455.jpg,640,385
Pacha,211,93,54,43,00456.jpg,640,491
Kathi,1081,1559,521,346,00457.jpg,2442,3663
Pacha,112,137,189,134,00458.jpg,600,400
Pacha,200,355,279,169,00459.jpg,674,900
Pacha,42,276,295,210,00460.jpg,533,800
Pacha,38,168,549,349,00461.jpg,640,640
Pacha,286,223,119,99,00462.jpg,736,1104
Pacha,217,482,300,210,00463.jpg,736,896
Kathi,242,320,102,74,00465.jpg,736,1099
Kathi,211,578,300,190,00467.jpg,736,1111
Pacha,290,562,71,52,00468.jpg,736,1102
Pacha,355,191,53,38,00470.jpg,735,490
Pacha,203,491,303,257,00471.jpg,736,1104
Pacha,184,179,95,85,00474.jpg,500,666
Pacha,210,94,55,43,00475.jpg,640,491
Pacha,128,212,107,84,00476.jpg,340,512
Pacha,295,462,335,250,00477.jpg,736,733
Pacha,210,121,76,52,00478.jpg,599,449
Pacha,115,268,153,100,00479.jpg,402,600
Pacha,200,129,75,55,00480.jpg,432,520
Pacha,185,75,190,141,00481.jpg,430,326
Kathi,94,93,99,69,00482.jpg,236,279
Pacha,68,70,11,8,00483.jpg,236,177
Pacha,162,159,96,66,00484.jpg,401,599
Kathi,252,226,76,58,00485.jpg,564,705
Pacha,116,446,374,244,00486.jpg,564,843
Pacha,108,92,308,202,00487.jpg,564,375
Kathi,231,281,44,47,00488.jpg,564,733
Pacha,94,383,230,156,00489.jpg,453,640
Pacha,153,375,234,199,00490.jpg,564,846
Pacha,257,361,221,151,00491.jpg,562,1000
Pacha,179,106,90,63,00492.jpg,445,548
Pacha,72,110,62,70,00493.jpg,220,328
Pacha,162,348,195,149,00494.jpg,563,800
Pacha,169,298,233,138,00495.jpg,564,753
Pacha,233,237,90,62,00496.jpg,556,840
Pacha,578,297,360,278,00497.jpg,1280,720
Kathi,395,219,106,71,00500.jpg,1280,720
Pacha,1005,201,27,58,00501.jpg,1280,720
Pacha,499,262,102,69,00502.jpg,1280,720
Pacha,536,137,40,72,00503.jpg,1280,720
Pacha,189,86,48,31,00504.jpg,480,360
Pacha,551,303,165,117,00505.jpg,1280,720
Pacha,73,45,192,141,00507.jpg,1280,720
Pacha,382,56,176,132,00507.jpg,1280,720
Pacha,736,75,148,100,00507.jpg,1280,720
Pacha,1022,41,185,154,00507.jpg,1280,720
Pacha,71,543,190,152,00507.jpg,1280,720
Pacha,409,572,146,101,00507.jpg,1280,720
Pacha,708,548,173,115,00507.jpg,1280,720
Pacha,1021,549,170,120,00507.jpg,1280,720
Pacha,0,227,132,103,00509.jpg,1280,720
Kathi,72,50,312,228,00510.jpg,480,360
Pacha,323,344,101,74,00511.jpg,1280,720
Pacha,450,248,61,46,00512.jpg,1280,720
Pacha,380,181,113,80,00514.jpg,1280,720
Pacha,545,192,75,56,00515.jpg,1280,720
Pacha,122,293,170,112,00518.jpg,1280,720
Pacha,742,382,239,162,00518.jpg,1280,720
Pacha,366,226,131,94,00519.jpg,1280,720
Pacha,110,158,34,27,00520.jpg,480,360
Pacha,347,109,34,28,00520.jpg,480,360
Pacha,441,200,333,266,00522.jpg,1280,720
Pacha,500,348,146,115,00524.jpg,1280,720
Kathi,362,214,492,312,00526.jpg,1280,720
Pacha,650,237,58,51,00528.jpg,1280,720
Pacha,541,106,35,51,00529.jpg,1280,720
Pacha,950,84,26,51,00529.jpg,1280,720
Kathi,637,280,162,146,00530.jpg,1280,720
Pacha,205,211,146,122,00531.jpg,1280,720
Pacha,757,351,65,48,00532.jpg,1280,720
Pacha,59,104,151,161,00533.jpg,480,360
Pacha,569,206,133,97,00534.jpg,1280,720
Pacha,46,181,118,98,00534.jpg,1280,720
Kathi,572,225,72,91,00535.jpg,1280,720
Kathi,471,159,106,77,00536.jpg,1024,576
Pacha,573,175,407,295,00537.jpg,1280,720
Pacha,248,170,612,432,00538.jpg,1280,720
Pacha,66,110,37,30,00541.jpg,480,360
Pacha,474,207,88,91,00542.jpg,1280,720
Pacha,905,233,111,102,00542.jpg,1280,720
Kathi,673,173,65,60,00544.jpg,1280,720
Pacha,181,173,65,49,00546.jpg,1280,720
Pacha,464,180,53,45,00546.jpg,1280,720
Pacha,654,197,55,44,00546.jpg,1280,720
Pacha,940,161,67,49,00546.jpg,1280,720
Pacha,172,81,362,278,00547.jpg,1280,720
Pacha,381,179,116,93,00548.jpg,1280,720
Pacha,610,177,150,101,00549.jpg,1280,720
Pacha,222,348,229,164,00550.jpg,1280,720
Pacha,55,88,58,41,00551.jpg,320,180
Pacha,295,137,588,480,00552.jpg,1280,720
Pacha,502,256,250,166,00553.jpg,1280,720
Kathi,367,53,803,570,00556.jpg,1280,720
Pacha,541,108,578,460,00557.jpg,1280,720
Pacha,508,274,169,128,00558.jpg,1280,720
Pacha,341,166,225,160,00560.jpg,1280,720
Pacha,444,206,51,36,00561.jpg,1280,720
Pacha,645,173,47,37,00561.jpg,1280,720
Pacha,250,293,184,122,00562.jpg,1280,720
Pacha,719,125,77,55,00563.jpg,1024,576
Kathi,1019,179,63,68,00564.jpg,1280,720
Pacha,460,284,396,346,00566.jpg,1280,720
Pacha,182,211,129,98,00567.jpg,1280,720
Pacha,573,196,27,43,00569.jpg,1280,720
Pacha,995,202,41,44,00569.jpg,1280,720
Kathi,154,108,186,122,00570.jpg,480,360
Pacha,222,68,83,59,00572.jpg,480,360
Pacha,106,250,24,20,00572.jpg,480,360
Pacha,1027,245,157,143,00574.jpg,1280,720
Kathi,272,300,81,56,00575.jpg,1280,720
Pacha,810,319,127,123,00576.jpg,1280,720
Pacha,192,145,20,17,00577.jpg,480,360
Kathi,461,219,210,166,00578.jpg,800,600
Pacha,31,92,59,39,00579.jpg,200,150
Pacha,993,923,1890,1646,00580.jpg,4049,3037
Pacha,117,124,84,56,00581.jpg,297,400
Pacha,247,361,49,34,00582.jpg,354,500
Kathi,588,260,145,102,00583.jpg,1300,800
Pacha,254,106,306,228,00584.jpg,975,600
Pacha,160,130,75,66,00585.jpg,975,600
Pacha,670,154,72,62,00585.jpg,975,600
Pacha,154,303,57,56,00586.jpg,975,600
Pacha,252,206,34,47,00586.jpg,975,600
Pacha,316,247,47,33,00586.jpg,975,600
Pacha,430,228,47,36,00586.jpg,975,600
Kathi,540,170,62,57,00586.jpg,975,600
Pacha,280,217,99,74,00587.jpg,975,600
Pacha,404,235,255,195,00588.jpg,975,600
Pacha,264,147,75,50,00589.jpg,975,600
Pacha,222,165,61,48,00590.jpg,975,600
Pacha,298,151,116,75,00591.jpg,975,600
Pacha,160,386,335,245,00592.jpg,668,1000
Pacha,135,147,65,45,00593.jpg,357,480
Pacha,321,422,213,154,00594.jpg,669,1000
Pacha,267,291,161,106,00595.jpg,653,900
Pacha,291,363,169,119,00597.jpg,763,900
Pacha,482,252,127,92,00598.jpg,900,593
Pacha,183,233,219,167,00599.jpg,459,595
Pacha,204,113,92,94,00600.jpg,600,300
Pacha,296,51,77,131,00600.jpg,600,300
Pacha,364,103,65,38,00601.jpg,900,450
Kathi,463,163,98,88,00602.jpg,759,422
Kathi,730,258,157,139,00603.jpg,1200,667
Pacha,511,64,67,57,00604.jpg,759,422
Pacha,895,176,94,75,00605.jpg,1200,900
Pacha,364,379,242,159,00606.jpg,1000,667
Pacha,555,248,87,55,00607.jpg,1200,750
Pacha,1921,1357,707,524,00608.jpg,6322,4878
Pacha,53,2,2143,1332,00609.jpg,2372,1334
Pacha,122,137,54,42,00610.jpg,320,480
Kathi,210,256,131,81,00611.jpg,1000,647
Pacha,177,286,1088,854,00612.jpg,2000,1333
Pacha,55,83,44,35,00613.jpg,326,280
Pacha,72,100,49,36,00614.jpg,268,280
Pacha,190,132,56,52,00615.jpg,600,501
Pacha,459,110,59,48,00617.jpg,800,534
Pacha,398,363,278,209,00618.jpg,1300,1040
Pacha,281,462,318,205,00620.jpg,864,880
Pacha,810,90,490,630,00621.jpg,1488,1052
Pacha,245,165,82,68,00623.jpg,800,533
Pacha,140,32,617,530,00624.jpg,990,660
Pacha,290,234,94,76,00625.jpg,1024,768
Pacha,311,69,21,15,00626.jpg,480,244
Pacha,29,87,20,16,00627.jpg,320,320
Pacha,56,164,22,20,00627.jpg,320,320
Kathi,143,111,26,22,00627.jpg,320,320
Kathi,95,51,53,44,00629.jpg,480,271
Pacha,350,133,259,279,00630.jpg,1237,840
Pacha,627,120,379,367,00632.jpg,1024,681
Pacha,530,946,540,403,00633.jpg,1317,2048
Pacha,210,231,77,61,00634.jpg,1200,800
Pacha,519,228,78,60,00634.jpg,1200,800
Pacha,270,99,277,302,00635.jpg,1200,960
Pacha,459,946,427,318,00636.jpg,1356,2048
Pacha,280,462,319,198,00637.jpg,864,880
Pacha,272,255,109,80,00638.jpg,1800,700
Pacha,473,524,117,74,00638.jpg,1800,700
Pacha,567,455,75,73,00638.jpg,1800,700
Pacha,697,549,93,52,00638.jpg,1800,700
Kathi,884,393,123,89,00638.jpg,1800,700
Pacha,734,228,178,150,00641.jpg,1200,798
Pacha,628,134,93,70,00642.jpg,1024,600
Pacha,136,182,53,51,00642.jpg,1024,600
Pacha,901,1048,291,233,00643.jpg,2000,3000
Kathi,333,229,263,193,00644.jpg,960,640
Kathi,365,230,120,135,00645.jpg,900,600
Pacha,680,301,110,121,00646.jpg,1600,1200
Pacha,1164,270,110,132,00646.jpg,1600,1200
Pacha,219,376,195,160,00647.jpg,683,1024
Pacha,1424,587,391,254,00648.jpg,3000,2000
Pacha,268,226,110,98,00649.jpg,683,1023
Pacha,284,449,174,130,00650.jpg,1600,1067
Pacha,1030,473,197,120,00650.jpg,1600,1067
Pacha,1219,594,440,303,00651.jpg,3000,2250
Pacha,293,202,106,77,00652.jpg,800,608
Pacha,642,1219,660,462,00654.jpg,1995,3000
Pacha,739,269,492,373,00655.jpg,1440,670
Pacha,267,335,408,305,00656.jpg,844,841
Kathi,895,534,243,207,00657.jpg,1280,829
Pacha,471,216,63,76,00658.jpg,1199,852
Pacha,679,180,74,78,00658.jpg,1199,852
Pacha,943,127,74,88,00658.jpg,1199,852
Pacha,464,173,105,88,00659.jpg,1227,820
Pacha,225,302,52,37,00660.jpg,1024,576
Kathi,446,233,42,29,00660.jpg,1024,576
Pacha,713,203,31,26,00660.jpg,1024,576
Pacha,790,185,39,28,00660.jpg,1024,576
Pacha,902,159,48,38,00660.jpg,1024,576
Pacha,202,318,200,136,00661.jpg,600,900
Kathi,125,880,573,389,00662.jpg,1059,1600
Pacha,301,167,78,66,00663.jpg,1000,659
Pacha,843,401,400,273,00665.jpg,1284,1024
Pacha,986,244,152,102,00666.jpg,1600,1200
Kathi,528,251,135,99,00666.jpg,1600,1200
Kathi,283,178,221,158,00667.jpg,800,499
Pacha,833,277,338,225,00668.jpg,1280,720
Kathi,126,574,324,272,00669.jpg,729,1062
Pacha,335,149,72,52,00670.jpg,950,700
Pacha,893,520,210,153,00671.jpg,1600,1296
Pacha,294,186,447,335,00672.jpg,1200,900
Pacha,696,148,355,251,00673.jpg,1200,675
Pacha,2192,618,212,339,00674.jpg,3000,2000
Kathi,1121,719,303,274,00674.jpg,3000,2000
Pacha,316,211,82,63,00675.jpg,1024,683
Pacha,765,240,70,49,00675.jpg,1024,683
Pacha,260,596,336,227,00677.jpg,768,1024
Pacha,233,232,657,505,00679.jpg,1199,800
Pacha,329,325,220,165,00680.jpg,800,533
Pacha,212,153,91,80,00681.jpg,1200,630
Pacha,818,179,83,77,00681.jpg,1200,630
Pacha,191,536,390,250,00682.jpg,1300,1390
Kathi,532,487,273,217,00683.jpg,1363,2048
Kathi,372,275,1369,963,00684.jpg,2122,1415
Pacha,416,279,93,118,00685.jpg,1600,1200
Pacha,799,398,211,165,00686.jpg,2128,1416
Kathi,351,254,95,72,00687.jpg,1200,800
Pacha,209,575,449,306,00688.jpg,738,1024
Pacha,382,249,135,105,00689.jpg,1440,958
Pacha,211,203,130,90,00690.jpg,1024,756
Kathi,1,1,944,666,00691.jpg,1000,667
Pacha,578,190,80,57,00692.jpg,1280,851
Pacha,796,1296,442,314,00693.jpg,2000,3000
Pacha,777,602,322,268,00694.jpg,2000,3000
Pacha,226,110,99,72,00695.jpg,1000,667
Pacha,525,62,318,406,00696.jpg,962,680
Pacha,1130,435,160,104,00697.jpg,1600,1060
Kathi,363,337,121,126,00697.jpg,1600,1060
Pacha,549,114,92,74,00698.jpg,1280,720
Pacha,1203,306,172,121,00699.jpg,1600,1166
Pacha,549,362,155,104,00699.jpg,1600,1166
Kathi,780,373,118,89,00699.jpg,1600,1166
Pacha,904,349,192,141,00700.jpg,1920,1363
Pacha,274,71,483,404,00701.jpg,768,512
Pacha,431,433,236,182,00702.jpg,1067,1600
Pacha,259,185,100,71,00703.jpg,601,900
Pacha,228,205,310,235,00704.jpg,1200,900
Pacha,301,610,82,98,00705.jpg,1864,1203
Pacha,485,428,61,87,00705.jpg,1864,1203
Pacha,604,503,92,62,00705.jpg,1864,1203
Pacha,822,464,89,70,00705.jpg,1864,1203
Kathi,1031,361,117,103,00705.jpg,1864,1203
Pacha,269,296,96,76,00706.jpg,1280,961
Kathi,1193,420,161,170,00707.jpg,2400,1600
Pacha,430,508,169,120,00708.jpg,1001,1500
Pacha,196,416,235,181,00709.jpg,676,960
Pacha,1222,701,577,481,00710.jpg,3000,2000
Pacha,1052,262,161,121,00711.jpg,1600,1200
Pacha,91,307,328,230,00711.jpg,1600,1200
Kathi,448,599,191,132,00712.jpg,1371,2048
Pacha,442,535,174,131,00713.jpg,1488,1140
Pacha,534,312,194,123,00714.jpg,1280,960
Pacha,46,348,175,113,00716.jpg,1200,800
Kathi,365,278,115,82,00716.jpg,1200,800
Pacha,547,378,209,144,00718.jpg,1280,850
Pacha,890,189,351,276,00719.jpg,1900,700
Pacha,380,180,117,88,00720.jpg,1280,720
Pacha,864,212,109,87,00721.jpg,1500,1121
Pacha,173,314,321,239,00722.jpg,675,900
Pacha,256,224,459,309,00723.jpg,1000,665
Pacha,377,224,152,109,00725.jpg,1200,800
Pacha,409,169,85,61,00726.jpg,1280,720
Pacha,660,613,244,174,00727.jpg,2592,1728
Pacha,276,520,344,236,00728.jpg,1500,1002
Pacha,876,285,399,303,00728.jpg,1500,1002
Pacha,217,259,175,127,00729.jpg,612,764
Pacha,421,478,646,480,00730.jpg,2122,1415
Pacha,228,328,59,67,00731.jpg,1400,700
Pacha,364,201,45,58,00731.jpg,1400,700
Pacha,455,255,68,41,00731.jpg,1400,700
Pacha,618,229,65,46,00731.jpg,1400,700
Kathi,774,156,89,71,00731.jpg,1400,700
Pacha,199,375,237,171,00732.jpg,1280,980
Pacha,316,452,152,123,00733.jpg,1386,924
Pacha,396,526,272,184,00734.jpg,1200,1800
Pacha,460,119,77,68,00735.jpg,1024,683
Pacha,718,251,175,131,00736.jpg,1600,1068
Pacha,1262,334,35,69,00736.jpg,1600,1068
Kathi,382,153,291,198,00738.jpg,1035,702
Pacha,994,970,590,408,00739.jpg,2000,3000
Pacha,325,349,292,234,00740.jpg,1899,1266
Pacha,241,682,392,280,00741.jpg,830,1024
Pacha,828,815,491,375,00742.jpg,3000,1987
Pacha,52,453,278,201,00744.jpg,1080,1080
Pacha,288,96,717,503,00745.jpg,1200,800
Pacha,105,297,275,201,00746.jpg,866,1390
Pacha,0,807,402,322,00746.jpg,866,1390
Pacha,542,971,252,183,00746.jpg,866,1390
Pacha,390,379,97,91,00747.jpg,1300,1066
Kathi,326,419,189,129,00748.jpg,866,1390
Pacha,218,180,100,70,00749.jpg,568,900
Pacha,384,443,379,282,00750.jpg,1440,960
Pacha,555,242,238,163,00751.jpg,1280,720
Pacha,1055,264,253,203,00752.jpg,1600,1200
Kathi,1434,592,235,254,00753.jpg,3000,2000
Pacha,296,132,588,487,00754.jpg,1280,720
Pacha,355,422,1962,1464,00755.jpg,3000,2250
Kathi,403,514,304,216,00756.jpg,1062,1062
Pacha,456,161,94,72,00757.jpg,1024,683
Kathi,248,499,168,130,00758.jpg,682,1023
Pacha,141,638,548,363,00759.jpg,900,1354
Pacha,156,885,813,764,00761.jpg,1200,1800
Pacha,345,349,79,90,00762.jpg,1201,801
Pacha,34,53,1150,704,00763.jpg,1200,800
Pacha,370,216,412,284,00764.jpg,1024,682
Pacha,213,150,156,108,00765.jpg,600,900
Pacha,1297,375,119,142,00766.jpg,2048,1479
Pacha,823,603,322,276,00767.jpg,3000,1993
Pacha,310,456,125,99,00768.jpg,2048,1365
Pacha,536,761,138,118,00768.jpg,2048,1365
Pacha,647,701,85,94,00768.jpg,2048,1365
Pacha,790,816,102,65,00768.jpg,2048,1365
Kathi,1007,623,140,109,00768.jpg,2048,1365
Pacha,41,723,114,88,00770.jpg,1440,1440
Pacha,419,717,106,82,00770.jpg,1440,1440
Pacha,462,1004,115,80,00770.jpg,1440,1440
Pacha,1123,725,75,76,00770.jpg,1440,1440
Pacha,730,715,99,78,00770.jpg,1440,1440
Kathi,829,682,115,95,00770.jpg,1440,1440
Kathi,368,46,802,569,00771.jpg,1280,720
Pacha,462,264,195,156,00772.jpg,1200,749
Pacha,290,359,169,127,00773.jpg,763,900
Pacha,189,217,78,61,00774.jpg,1280,720
Pacha,332,411,85,73,00774.jpg,1280,720
Pacha,402,371,53,60,00774.jpg,1280,720
Pacha,493,447,61,38,00774.jpg,1280,720
Kathi,629,322,89,71,00774.jpg,1280,720
Kathi,623,487,292,188,00775.jpg,1500,1200
Pacha,60,175,892,529,00776.jpg,1024,782
Pacha,500,366,149,135,00777.jpg,1200,628
Pacha,886,463,303,212,00778.jpg,3000,2000
Pacha,517,274,77,57,00779.jpg,1200,759
Pacha,258,183,100,64,00780.jpg,600,900
Pacha,244,223,192,217,00781.jpg,1280,720
Pacha,1005,204,26,56,00784.jpg,1280,720
Pacha,938,664,685,480,00786.jpg,2400,1800
Kathi,468,254,117,107,00788.jpg,940,626
Pacha,305,477,245,171,00789.jpg,867,1390
Pacha,833,614,324,238,00790.jpg,3000,2001
Pacha,361,457,246,175,00791.jpg,944,768
Pacha,819,1378,788,551,00792.jpg,2675,3000
Pacha,164,161,97,64,00793.jpg,401,599
Pacha,190,175,72,49,00795.jpg,660,440
Pacha,297,182,66,52,00796.jpg,800,600
Pacha,371,302,94,123,00797.jpg,900,545
Pacha,181,96,54,53,00798.jpg,506,426
Kathi,316,154,37,34,00799.jpg,640,400
Kathi,121,166,103,80,00800.jpg,520,484
Pacha,473,105,59,47,00802.jpg,1280,500
Pacha,477,106,36,49,00803.jpg,988,440
Pacha,275,162,20,36,00804.jpg,988,440
Pacha,495,100,40,36,00804.jpg,988,440
Pacha,417,244,186,136,00805.jpg,800,710
Pacha,532,578,2800,2104,00806.jpg,4320,3240
Pacha,624,534,440,333,00807.jpg,1280,1920
Pacha,469,685,182,215,00808.jpg,3500,2311
Pacha,2146,523,323,266,00808.jpg,3500,2311
Kathi,143,137,61,51,00809.jpg,550,377
Pacha,146,246,65,80,00810.jpg,799,533
Pacha,352,133,256,279,00811.jpg,1237,840
Pacha,1019,753,486,358,00815.jpg,2658,3547
Pacha,249,365,183,160,00816.jpg,1080,1275
Pacha,198,75,28,29,00817.jpg,500,333
Pacha,218,141,77,59,00819.jpg,820,546
Pacha,80,177,72,53,00820.jpg,505,700
Pacha,356,251,404,250,00821.jpg,900,600
Pacha,40,52,858,543,00822.jpg,900,600
Pacha,341,192,461,297,00823.jpg,900,600
Pacha,30,86,827,508,00824.jpg,900,600
Pacha,331,169,61,43,00825.jpg,900,675
Pacha,243,197,92,64,00826.jpg,900,600
Pacha,477,106,36,49,00827.jpg,988,440
Pacha,68,150,104,92,00828.jpg,1024,768
Pacha,773,181,96,88,00828.jpg,1024,768
Pacha,294,217,139,101,00830.jpg,767,1024
Kathi,23,89,65,46,00831.jpg,127,180
Pacha,466,54,416,512,00832.jpg,960,640
Pacha,559,483,212,202,00834.jpg,2000,1333
Pacha,814,431,257,205,00835.jpg,1340,1600
Pacha,298,506,266,228,00837.jpg,918,1024
Pacha,509,248,415,349,00838.jpg,1200,800
Pacha,157,84,68,46,00839.jpg,308,250
Pacha,443,422,188,135,00840.jpg,1067,1600
Pacha,156,60,66,47,00841.jpg,425,319
Pacha,458,470,81,61,00842.jpg,1600,1200
Pacha,472,54,59,77,00843.jpg,1200,630
Pacha,682,20,71,76,00843.jpg,1200,630
Pacha,947,0,70,55,00843.jpg,1200,630
Pacha,692,456,281,189,00844.jpg,1600,1200
Pacha,582,287,177,122,00845.jpg,1600,1071
Pacha,1057,262,250,205,00847.jpg,1600,1200
Pacha,431,437,240,180,00848.jpg,1067,1600
Pacha,795,530,305,232,00849.jpg,1600,1066
Pacha,681,88,53,38,00851.jpg,1024,768
Pacha,224,38,33,24,00852.jpg,318,213
Pacha,168,106,63,48,00854.jpg,435,425
Pacha,144,59,51,36,00858.jpg,300,225
Pacha,158,46,24,22,00859.jpg,320,240
Pacha,347,162,44,74,00860.jpg,1200,797
Pacha,512,179,91,74,00860.jpg,1200,797
Pacha,202,165,118,96,00861.jpg,750,422
Pacha,139,137,20,22,00862.jpg,500,375
Pacha,206,179,18,19,00862.jpg,500,375
Pacha,55,41,468,372,00863.jpg,600,413
Pacha,308,85,56,40,00864.jpg,675,450
Pacha,226,508,589,442,00865.jpg,1200,1800
Pacha,425,555,185,166,00867.jpg,1200,2133
Pacha,80,48,28,22,00868.jpg,202,240
Pacha,93,199,15,26,00869.jpg,450,338
Kathi,141,70,32,29,00869.jpg,450,338
Pacha,351,279,79,52,00870.jpg,1200,675
Pacha,738,232,79,43,00870.jpg,1200,675
Pacha,331,132,383,296,00871.jpg,970,647
Pacha,87,49,29,22,00874.jpg,228,240
Pacha,104,64,32,24,00875.jpg,240,160
Pacha,93,69,23,30,00876.jpg,240,160
Kathi,359,258,132,113,00878.jpg,900,1200
Pacha,79,69,35,27,00879.jpg,179,240
Pacha,586,312,92,61,00880.jpg,1280,960
Pacha,109,59,18,11,00881.jpg,240,180
Pacha,151,57,18,15,00883.jpg,240,180
Pacha,167,122,82,62,00885.jpg,440,587
Pacha,125,93,62,44,00886.jpg,330,440
Pacha,166,313,168,119,00887.jpg,510,767
Pacha,360,229,34,25,00888.jpg,800,418
Pacha,560,177,31,25,00888.jpg,800,418
Pacha,284,198,30,19,00888.jpg,800,418
Pacha,197,189,34,22,00888.jpg,800,418
Kathi,96,149,29,27,00888.jpg,800,418
Pacha,94,178,872,635,00890.jpg,1200,900
Pacha,69,80,17,24,00892.jpg,180,240
Pacha,52,131,45,31,00893.jpg,160,240
Pacha,99,87,38,28,00894.jpg,240,160
Pacha,146,60,38,75,00895.jpg,192,239
Pacha,82,111,11,19,00895.jpg,192,239
Pacha,70,58,20,17,00896.jpg,240,180
Kathi,133,43,13,18,00897.jpg,240,154
Pacha,57,71,8,13,00899.jpg,240,160
Pacha,179,34,19,16,00900.jpg,240,180
Pacha,23,41,20,15,00901.jpg,67,119
Pacha,52,106,15,16,00902.jpg,320,207
Pacha,83,74,10,14,00902.jpg,320,207
Pacha,104,85,15,12,00902.jpg,320,207
Pacha,141,80,16,12,00902.jpg,320,207
Kathi,176,61,21,20,00902.jpg,320,207
Pacha,85,107,26,45,00903.jpg,180,240
Pacha,86,65,42,30,00904.jpg,240,160
Pacha,66,48,18,14,00905.jpg,240,180
Pacha,142,47,16,12,00906.jpg,240,160
Pacha,585,936,744,484,00907.jpg,1950,2750
Pacha,119,70,42,27,00908.jpg,315,332
Pacha,426,628,366,251,00909.jpg,1280,960
Pacha,3082,1177,310,213,00910.jpg,5616,3744
Pacha,352,414,238,292,00911.jpg,898,1200
Pacha,844,397,400,280,00914.jpg,1284,1024
Kathi,265,292,194,128,00916.jpg,1000,801
Pacha,708,219,52,45,00917.jpg,1024,687
Pacha,2655,1085,741,484,00918.jpg,5616,3744
Pacha,112,245,196,147,00920.jpg,425,635
Pacha,1079,1087,437,305,00921.jpg,2600,3925
Pacha,351,399,404,272,00922.jpg,796,1024
Pacha,596,427,296,201,00923.jpg,2560,1920
Pacha,4365,1472,320,228,00924.jpg,5616,3744
Pacha,387,615,366,377,00925.jpg,1205,1800
Kathi,1605,885,491,370,00926.jpg,2718,1800
Pacha,1549,543,604,407,00927.jpg,2592,1944
Pacha,534,312,194,120,00928.jpg,1280,960
Pacha,161,393,326,196,00929.jpg,673,1024
Pacha,508,258,1288,879,00930.jpg,1944,2592
Pacha,2548,785,335,218,00931.jpg,3872,2592
Kathi,503,909,308,211,00931.jpg,3872,2592
Pacha,1509,2057,613,416,00933.jpg,6016,4016
Pacha,1177,611,661,462,00935.jpg,2560,1920
Pacha,1214,2072,1195,812,00936.jpg,4000,4486
Pacha,758,412,847,949,00937.jpg,2419,1361
Pacha,1222,1642,850,567,00938.jpg,3744,5616
Pacha,1491,2434,821,574,00939.jpg,3744,5616
Pacha,1672,1976,552,414,00940.jpg,3744,5616
Pacha,113,96,213,192,00942.jpg,576,432
Kathi,2035,851,343,357,00943.jpg,4272,2848
Pacha,568,248,85,116,00946.jpg,1024,687
Kathi,0,123,1208,1225,00947.jpg,1224,1532
Pacha,302,281,76,77,00948.jpg,1536,1024
Pacha,603,1381,1628,1204,00950.jpg,3265,4898
Pacha,305,294,182,116,00951.jpg,800,534
Pacha,1009,1101,273,181,00952.jpg,2153,2977
Kathi,303,253,89,81,00953.jpg,1000,665
Kathi,226,416,246,167,00954.jpg,739,1024
Pacha,172,127,83,61,00955.jpg,1000,600
Pacha,2058,1167,693,483,00956.jpg,5184,3456
Pacha,367,658,325,241,00957.jpg,1080,1920
Pacha,526,135,3350,2404,00958.jpg,4608,3072
Pacha,504,180,63,105,00959.jpg,1024,687
Pacha,773,265,72,70,00960.jpg,1100,825
Pacha,225,114,65,57,00963.jpg,999,666
Pacha,650,134,61,53,00963.jpg,999,666
Pacha,316,133,50,35,00964.jpg,640,427
Pacha,372,217,408,283,00965.jpg,1024,682
Pacha,425,351,264,200,00966.jpg,1018,806
Pacha,128,96,60,47,00968.jpg,574,385
Pacha,1122,385,107,101,00969.jpg,1600,1200
Pacha,474,447,166,124,00970.jpg,1162,1600
Pacha,39,220,150,96,00971.jpg,1024,530
Kathi,311,162,98,69,00971.jpg,1024,530
Pacha,268,83,56,68,00973.jpg,1280,720
Pacha,260,146,78,79,00974.jpg,731,640
Pacha,428,29,126,128,00975.jpg,1200,630
Pacha,880,647,348,298,00976.jpg,3216,2136
Pacha,330,626,339,243,00977.jpg,1024,1540
Kathi,331,312,205,133,00978.jpg,900,599
Pacha,223,351,203,212,00979.jpg,685,1024
Pacha,74,298,181,122,00980.jpg,353,499
Pacha,224,523,313,223,00981.jpg,863,1390
Pacha,245,692,415,291,00982.jpg,863,1390
Pacha,186,464,444,387,00983.jpg,866,1390
Pacha,496,401,218,165,00985.jpg,1040,1390
Pacha,307,473,243,174,00986.jpg,867,1390
Pacha,305,378,180,129,00987.jpg,867,1390
Pacha,359,387,151,104,00988.jpg,867,1390
Pacha,108,297,272,201,00989.jpg,866,1390
Pacha,0,809,400,320,00989.jpg,866,1390
Pacha,545,973,248,180,00989.jpg,866,1390
Pacha,0,394,285,270,00990.jpg,867,1390
Pacha,411,259,169,113,00991.jpg,910,1390
Pacha,246,552,342,225,00992.jpg,824,1390
Pacha,227,581,212,182,00993.jpg,909,1390
Pacha,527,346,208,150,00994.jpg,1300,956
Pacha,355,714,248,325,00995.jpg,866,1390
Pacha,284,396,123,86,00996.jpg,1300,1066
Kathi,321,370,183,128,00997.jpg,866,1390
Pacha,293,789,565,378,00998.jpg,1210,1390
Pacha,132,421,254,182,00999.jpg,536,800
Pacha,268,230,111,91,01000.jpg,683,1023
Pacha,6,1,781,831,01001.jpg,1252,837
Pacha,563,383,232,166,01002.jpg,1440,958
Pacha,171,179,114,75,01003.jpg,499,427
Pacha,930,1180,974,999,01004.jpg,2588,3881
Pacha,453,192,258,179,01005.jpg,1024,767
Pacha,219,401,281,221,01006.jpg,683,1024
Pacha,294,177,117,95,01007.jpg,1024,683
Kathi,262,231,172,192,01008.jpg,612,548
Pacha,130,219,142,104,01009.jpg,409,612
Kathi,328,245,130,113,01010.jpg,819,1024
Pacha,155,537,364,276,01011.jpg,683,1024
Pacha,211,108,76,50,01012.jpg,496,348
Pacha,375,387,248,163,01013.jpg,1024,683
Pacha,224,232,147,97,01014.jpg,612,408
Pacha,289,348,175,110,01015.jpg,683,1024
Pacha,338,134,101,71,01017.jpg,612,496
Kathi,258,336,199,142,01018.jpg,684,1024
Pacha,203,224,228,174,01019.jpg,664,1024
Pacha,193,70,75,71,01022.jpg,385,594
Pacha,228,380,266,187,01023.jpg,683,1024
Pacha,421,300,144,101,01024.jpg,1024,681
Pacha,373,137,80,62,01025.jpg,1024,683
Pacha,115,260,162,106,01026.jpg,388,612
Pacha,199,214,269,173,01027.jpg,1024,683
Pacha,298,218,130,85,01028.jpg,717,1024
Pacha,648,360,487,362,01029.jpg,2732,1536
Pacha,547,84,309,212,01030.jpg,1600,900
Pacha,1603,449,718,484,01031.jpg,2400,1600
Pacha,360,178,43,32,01032.jpg,750,425
Pacha,138,95,43,32,01033.jpg,550,412
Pacha,208,125,42,29,01034.jpg,550,367
Pacha,38,231,151,98,01035.jpg,1024,619
Kathi,312,173,97,70,01035.jpg,1024,619
Pacha,191,152,555,348,01036.jpg,1000,665
Pacha,156,880,810,773,01037.jpg,1200,1800
Pacha,144,93,545,376,01039.jpg,808,632
Pacha,294,178,34,26,01040.jpg,550,364
Pacha,318,212,80,62,01041.jpg,1024,683
Pacha,764,239,72,50,01041.jpg,1024,683
Pacha,230,142,283,184,01042.jpg,984,656
Pacha,736,229,175,150,01043.jpg,1200,798
Kathi,831,313,133,124,01044.jpg,1280,857
Pacha,283,431,215,151,01045.jpg,683,1024
Pacha,221,338,167,116,01046.jpg,533,799
Pacha,308,213,58,84,01047.jpg,800,800
Pacha,236,313,115,82,01048.jpg,533,799
Pacha,93,438,266,192,01049.jpg,498,799
Pacha,455,162,95,71,01050.jpg,1024,683
Pacha,174,386,173,117,01051.jpg,513,800
Pacha,129,153,86,117,01052.jpg,800,800
Pacha,482,385,225,154,01053.jpg,1024,683
Pacha,55,46,645,573,01054.jpg,1024,678
Pacha,513,208,147,108,01055.jpg,1024,709
Pacha,222,332,134,134,01059.jpg,571,799
Pacha,363,237,109,105,01060.jpg,1024,683
Kathi,445,208,79,52,01061.jpg,1024,683
Kathi,423,192,80,51,01062.jpg,1024,683
Kathi,635,384,136,157,01064.jpg,1024,679
Pacha,368,292,307,231,01065.jpg,1024,683
Kathi,418,304,184,139,01067.jpg,1024,729
Pacha,132,124,90,73,01068.jpg,333,499
Pacha,370,244,140,90,01069.jpg,1024,683
Pacha,250,60,63,52,01070.jpg,500,333
Pacha,193,276,114,130,01071.jpg,532,800
Pacha,187,313,151,112,01072.jpg,532,800
Pacha,63,178,888,524,01073.jpg,1024,782
Pacha,451,359,87,62,01074.jpg,1023,731
Pacha,223,221,80,67,01075.jpg,531,799
Pacha,240,357,95,134,01076.jpg,1023,673
Kathi,292,195,89,63,01078.jpg,660,800
Pacha,309,322,28,48,01079.jpg,533,799
Pacha,102,185,427,325,01080.jpg,800,635
Pacha,211,284,274,220,01083.jpg,960,640
Kathi,541,89,368,339,01084.jpg,960,640
Pacha,135,257,180,270,01085.jpg,530,800
Pacha,412,203,106,197,01085.jpg,530,800
Pacha,309,207,108,73,01086.jpg,720,482
Kathi,134,228,69,48,01087.jpg,960,570
Pacha,444,150,71,46,01087.jpg,960,570
Kathi,176,144,65,43,01088.jpg,412,500
Pacha,72,87,34,30,01089.jpg,240,320
Pacha,2,172,397,317,01090.jpg,399,600
Pacha,331,118,117,168,01094.jpg,600,407
Pacha,218,382,195,154,01098.jpg,683,1024
Pacha,319,138,577,508,01099.jpg,1024,920
Pacha,421,262,160,101,01100.jpg,1024,682
Pacha,157,92,50,32,01102.jpg,429,600
Pacha,116,25,145,113,01107.jpg,399,500
Kathi,498,473,62,76,01108.jpg,685,1024
Pacha,143,45,29,19,01109.jpg,320,213
Pacha,193,160,85,100,01110.jpg,600,429
Pacha,110,73,288,304,01113.jpg,620,482
Kathi,120,93,51,36,01116.jpg,500,333
Pacha,126,143,28,25,01118.jpg,500,333
Pacha,335,97,26,31,01118.jpg,500,333
Pacha,184,89,63,82,01121.jpg,600,374
Pacha,214,174,101,90,01122.jpg,541,799
Pacha,220,95,124,88,01123.jpg,600,429
Kathi,322,304,366,252,01124.jpg,800,678
Pacha,359,79,163,136,01125.jpg,600,409
Pacha,50,0,944,683,01126.jpg,1024,683
Pacha,295,346,99,73,01130.jpg,684,1024
Pacha,52,346,567,409,01132.jpg,683,1024
Pacha,582,301,151,102,01134.jpg,1024,744
Pacha,242,362,146,101,01135.jpg,490,800
Kathi,287,272,160,110,01136.jpg,800,617
Pacha,173,189,481,283,01137.jpg,800,617
Pacha,411,361,194,166,01138.jpg,1023,682
Pacha,136,283,164,115,01142.jpg,533,799
Pacha,400,212,125,111,01144.jpg,800,533
Kathi,382,204,541,463,01145.jpg,1024,791
Pacha,279,275,76,120,01146.jpg,533,800
Pacha,649,403,174,115,01147.jpg,1024,791
Pacha,156,342,139,111,01148.jpg,495,800
Pacha,450,293,185,159,01150.jpg,800,800
Pacha,18,64,715,519,01151.jpg,1024,701
Pacha,609,149,71,67,01152.jpg,960,606
Pacha,472,200,28,34,01153.jpg,960,544
Pacha,660,210,25,35,01153.jpg,960,544
Pacha,257,117,47,35,01153.jpg,960,544
Kathi,632,133,81,149,01154.jpg,960,640
Kathi,162,356,143,170,01154.jpg,960,640
Kathi,463,248,132,87,01155.jpg,960,628
Pacha,133,138,102,60,01157.jpg,800,500
Pacha,570,100,87,76,01157.jpg,800,500
Pacha,74,261,190,117,01159.jpg,364,499
Pacha,444,317,203,134,01160.jpg,1024,683
Pacha,229,164,134,78,01161.jpg,640,429
Pacha,200,208,156,106,01167.jpg,533,800
Pacha,558,141,77,57,01169.jpg,1024,683
Kathi,348,217,70,49,01169.jpg,1024,683
Pacha,320,278,72,57,01170.jpg,1024,683
Pacha,212,170,89,70,01171.jpg,627,800
Pacha,386,181,525,452,01172.jpg,1024,791
Pacha,155,327,131,86,01173.jpg,490,799
Pacha,187,182,114,103,01174.jpg,800,533
Pacha,206,484,200,173,01175.jpg,1024,791
Pacha,159,223,627,451,01176.jpg,1024,791
Pacha,497,192,143,121,01177.jpg,800,533
Pacha,295,256,75,123,01178.jpg,533,800
Pacha,238,293,169,131,01179.jpg,533,800
Pacha,518,191,78,150,01180.jpg,800,533
Pacha,218,324,161,187,01181.jpg,533,800
Pacha,421,301,21,15,01183.jpg,1024,683
Pacha,598,239,94,76,01184.jpg,1024,683
Pacha,261,151,88,54,01185.jpg,640,429
Pacha,293,335,195,148,01186.jpg,800,617
Pacha,361,235,399,306,01187.jpg,800,617
Pacha,433,138,94,67,01188.jpg,1024,792
Pacha,297,212,296,266,01189.jpg,800,617
Pacha,307,191,329,443,01193.jpg,1024,791
Pacha,688,218,119,106,01194.jpg,1024,768
Kathi,426,281,194,136,01195.jpg,1024,683
Pacha,101,334,298,197,01199.jpg,529,800
Pacha,74,275,197,136,01200.jpg,363,500
Pacha,70,131,120,85,01201.jpg,500,335
Pacha,142,271,246,170,01202.jpg,1023,685
Pacha,466,163,86,68,01203.jpg,1024,683
Pacha,177,109,183,126,01204.jpg,1023,685
Pacha,145,119,35,29,01205.jpg,500,375
Pacha,547,189,273,220,01206.jpg,960,640
Kathi,153,239,225,272,01206.jpg,960,640
Pacha,126,472,301,206,01207.jpg,549,800
Kathi,324,261,425,294,01210.jpg,1010,769
Pacha,654,275,135,93,01211.jpg,1023,685
Kathi,342,311,125,79,01212.jpg,800,678
Kathi,352,318,109,69,01214.jpg,800,678
Kathi,286,321,162,114,01215.jpg,800,678
Pacha,337,220,69,70,01217.jpg,800,700
Pacha,131,287,67,63,01217.jpg,800,700
Pacha,286,366,76,64,01218.jpg,799,779
Pacha,441,317,53,75,01218.jpg,799,779
Kathi,489,204,80,84,01220.jpg,1024,683
Pacha,339,254,262,299,01222.jpg,1024,746
Pacha,489,153,68,66,01223.jpg,800,500
Pacha,543,99,98,68,01224.jpg,800,500
Pacha,125,98,103,65,01224.jpg,800,500
Pacha,158,346,223,147,01225.jpg,531,800
Pacha,354,134,329,227,01226.jpg,1023,756
Pacha,153,264,372,322,01227.jpg,1024,783
Kathi,138,424,291,194,01228.jpg,531,800
Pacha,188,300,207,151,01229.jpg,531,800
Pacha,196,197,149,106,01230.jpg,531,800
Pacha,549,116,55,45,01231.jpg,800,500
Pacha,169,356,171,151,01234.jpg,504,799
Pacha,119,310,225,154,01236.jpg,504,799
Pacha,362,338,214,164,01237.jpg,1024,683
Pacha,12,283,253,151,01238.jpg,533,799
Pacha,156,313,211,151,01239.jpg,527,800
Pacha,752,291,777,573,01240.jpg,1600,996
Pacha,218,234,98,64,01241.jpg,534,800
Pacha,446,207,130,87,01242.jpg,800,522
Pacha,493,177,70,68,01243.jpg,800,500
Pacha,145,136,63,46,01244.jpg,375,600
Pacha,95,239,339,262,01245.jpg,531,800
Kathi,112,312,324,219,01247.jpg,531,800
Pacha,533,326,360,305,01250.jpg,1023,746
Pacha,468,152,133,78,01251.jpg,800,766
Pacha,345,230,70,43,01253.jpg,720,637
Pacha,561,411,180,123,01256.jpg,1024,920
Pacha,81,215,551,387,01257.jpg,800,677
Kathi,184,344,162,119,01258.jpg,800,674
Pacha,159,277,279,180,01259.jpg,600,800
Pacha,98,93,18,29,01262.jpg,235,320
Pacha,508,338,175,140,01264.jpg,1000,726
Pacha,580,372,33,30,01265.jpg,1024,682
Pacha,100,245,113,100,01268.jpg,600,550
Pacha,711,235,133,88,01269.jpg,1015,702
Pacha,206,172,183,127,01270.jpg,600,550
Kathi,209,282,48,40,01271.jpg,427,640
Pacha,237,219,103,76,01272.jpg,600,800
Pacha,237,248,201,120,01273.jpg,613,800
Kathi,189,225,344,342,01274.jpg,800,706
Pacha,211,199,343,321,01275.jpg,800,677
Kathi,334,302,136,93,01276.jpg,800,678
Pacha,205,350,395,327,01277.jpg,600,800
Pacha,255,245,296,251,01278.jpg,800,706
Kathi,310,350,166,118,01279.jpg,800,706
Pacha,515,193,349,262,01280.jpg,1024,756
Pacha,253,244,82,62,01281.jpg,600,800
Pacha,131,315,194,145,01283.jpg,600,800
Pacha,131,189,478,364,01284.jpg,800,678
Pacha,252,250,219,284,01285.jpg,800,677
Pacha,39,264,449,340,01287.jpg,600,800
Pacha,158,342,215,156,01288.jpg,522,800
Kathi,259,289,296,215,01289.jpg,800,678
Kathi,72,325,303,207,01293.jpg,459,800
Pacha,146,330,232,176,01297.jpg,532,800
Pacha,208,293,76,122,01298.jpg,539,800
Pacha,554,86,338,319,01299.jpg,1024,690
Pacha,198,316,170,109,01300.jpg,483,800
Pacha,217,142,207,158,01301.jpg,600,550
Pacha,179,123,173,317,01303.jpg,800,706
Kathi,295,365,234,163,01305.jpg,800,706
Pacha,219,262,154,121,01306.jpg,600,550
Pacha,162,205,156,115,01307.jpg,488,800
Pacha,459,120,79,67,01315.jpg,1024,683
Pacha,411,428,269,157,01316.jpg,1010,809
Pacha,218,350,277,176,01317.jpg,726,1024
Pacha,222,220,96,62,01318.jpg,1024,682
Pacha,109,107,47,30,01319.jpg,500,333
Kathi,233,315,108,91,01320.jpg,1024,656
Pacha,326,205,418,295,01322.jpg,800,609
Pacha,260,143,310,243,01323.jpg,640,513
Kathi,501,270,94,62,01326.jpg,1024,768
Pacha,404,571,57,32,01328.jpg,960,688
Kathi,461,192,269,196,01330.jpg,960,640
Kathi,69,163,307,281,01331.jpg,960,640
Kathi,453,324,280,214,01331.jpg,960,640
Pacha,342,147,49,38,01332.jpg,500,371
Pacha,113,390,202,132,01333.jpg,429,800
Pacha,777,422,548,311,01334.jpg,1599,898
Pacha,224,219,173,112,01335.jpg,600,800
Pacha,254,92,102,145,01336.jpg,500,390
Pacha,282,265,316,286,01337.jpg,800,677
Pacha,232,227,106,67,01338.jpg,599,800
Pacha,109,185,592,376,01339.jpg,800,677
Pacha,487,473,363,247,01341.jpg,1024,768
Pacha,228,281,104,151,01342.jpg,1024,683
Pacha,321,448,249,181,01343.jpg,705,800
Pacha,92,54,626,471,01345.jpg,800,600
Kathi,137,196,233,298,01347.jpg,800,678
Pacha,418,224,64,48,01349.jpg,1024,683
Pacha,519,306,79,56,01349.jpg,1024,683
Kathi,178,335,140,101,01350.jpg,533,799
Pacha,244,348,72,53,01351.jpg,1024,860
Pacha,597,236,38,69,01351.jpg,1024,860
Pacha,423,292,270,179,01353.jpg,1024,768
Pacha,353,177,85,58,01354.jpg,603,800
Pacha,289,224,150,100,01355.jpg,1024,683
Kathi,194,309,183,162,01356.jpg,800,781
Pacha,537,348,173,115,01358.jpg,1330,887
Pacha,1406,1232,510,378,01359.jpg,3480,4512
Pacha,1267,2423,1070,804,01360.jpg,3648,5472
Kathi,1266,1515,1255,930,01361.jpg,5472,3648
Pacha,1791,2835,947,652,01362.jpg,3648,5472
Pacha,79,94,22,17,01363.jpg,320,240
Pacha,144,110,18,13,01363.jpg,320,240
Kathi,40,140,86,60,01364.jpg,200,296
Pacha,539,318,233,155,01368.jpg,1024,765
Pacha,166,380,71,46,01368.jpg,1024,765
Pacha,455,192,170,120,01369.jpg,1066,711
Pacha,1731,669,484,329,01370.jpg,2800,2800
Pacha,942,339,272,183,01371.jpg,1600,888
Pacha,357,260,180,138,01372.jpg,894,703
Pacha,145,143,68,80,01373.jpg,607,637
Pacha,351,445,257,263,01374.jpg,1440,1546
Pacha,348,209,196,165,01375.jpg,894,595
Pacha,1047,1761,522,364,01376.jpg,2592,3872
Pacha,305,216,111,81,01377.jpg,1000,772
Pacha,373,288,251,164,01378.jpg,1000,728
Pacha,290,365,140,106,01379.jpg,721,1000
Pacha,1900,710,459,312,01380.jpg,2658,1329
Kathi,128,128,107,71,01381.jpg,800,448
Pacha,541,128,79,76,01381.jpg,800,448
Pacha,233,222,27,36,01382.jpg,800,448
Pacha,223,119,30,24,01382.jpg,800,448
Kathi,369,152,35,28,01382.jpg,800,448
Pacha,195,72,43,33,01383.jpg,480,360
Pacha,353,351,154,130,01384.jpg,736,1129
Pacha,249,190,141,115,01385.jpg,976,1024
Pacha,514,217,190,136,01386.jpg,1200,800
Pacha,281,211,106,78,01388.jpg,1000,667
Kathi,2214,797,232,169,01389.jpg,4956,3052
Pacha,83,0,917,667,01390.jpg,1000,667
Kathi,1106,359,80,101,01391.jpg,1738,1280
Pacha,406,119,294,214,01392.jpg,1068,580
Pacha,151,106,30,51,01393.jpg,400,267
Kathi,12,399,656,468,01394.jpg,707,1063
Pacha,863,363,250,171,01396.jpg,2000,1333
Pacha,512,311,349,244,01397.jpg,2048,1153
Pacha,1198,1992,259,179,01398.jpg,6180,3600
Kathi,2147,2016,186,122,01398.jpg,6180,3600
Pacha,356,290,316,239,01399.jpg,1500,1121
Pacha,415,365,168,117,01400.jpg,1500,1066
Pacha,228,272,117,88,01401.jpg,682,1023
Pacha,383,591,105,69,01407.jpg,960,1280
Pacha,576,323,90,169,01408.jpg,1023,893
Pacha,602,217,101,75,01410.jpg,1023,683
Pacha,790,304,57,48,01410.jpg,1023,683
Pacha,217,400,282,224,01411.jpg,683,1023
Pacha,333,158,96,77,01413.jpg,1023,682
Pacha,317,142,96,78,01414.jpg,1023,682
Pacha,430,203,123,90,01415.jpg,1023,682
Pacha,322,214,91,87,01416.jpg,1023,682
Pacha,133,589,168,316,01417.jpg,682,1023
Kathi,495,270,28,20,01418.jpg,1023,682
Kathi,282,275,123,84,01419.jpg,615,1022
Pacha,136,515,401,282,01420.jpg,682,1023
Kathi,199,416,232,157,01421.jpg,682,1023
Pacha,165,384,221,163,01423.jpg,682,1023
Pacha,454,435,174,122,01424.jpg,1600,1167
Pacha,313,620,405,257,01425.jpg,1037,1700
Pacha,347,534,356,231,01427.jpg,1035,1700
Pacha,444,333,141,106,01429.jpg,1600,1238
Pacha,202,287,102,67,01430.jpg,512,640
Pacha,337,155,59,44,01431.jpg,807,605
Pacha,85,80,21,16,01432.jpg,199,265
Pacha,351,303,163,129,01433.jpg,737,721
Pacha,868,551,538,409,01434.jpg,1920,1280
Pacha,940,336,424,316,01435.jpg,1600,1154
Pacha,299,579,372,249,01435.jpg,1600,1154
Pacha,467,286,535,399,01436.jpg,1440,958
Pacha,416,284,93,110,01437.jpg,1379,1200
Pacha,607,209,155,109,01438.jpg,1440,956
Pacha,384,249,135,103,01439.jpg,1440,958
Pacha,312,285,221,165,01440.jpg,1024,819
Pacha,272,204,682,475,01441.jpg,1152,768
Pacha,18,157,741,568,01442.jpg,800,803
Pacha,410,100,58,45,01444.jpg,638,479
Pacha,1051,264,161,118,01446.jpg,1600,1200
Pacha,94,306,326,239,01446.jpg,1600,1200
Pacha,414,279,95,116,01447.jpg,1600,1200
Pacha,383,268,79,62,01449.jpg,800,536
Pacha,1130,433,160,103,01450.jpg,1600,1060
Kathi,363,337,121,126,01450.jpg,1600,1060
Pacha,550,362,154,106,01451.jpg,1600,1166
Pacha,1205,306,175,122,01451.jpg,1600,1166
Kathi,782,375,117,86,01451.jpg,1600,1166
Pacha,85,76,37,26,01452.jpg,209,262
Pacha,158,263,150,105,01453.jpg,512,574
Pacha,237,96,799,617,01456.jpg,1200,800
Pacha,116,99,52,35,01457.jpg,449,274
Pacha,986,244,152,102,01458.jpg,1600,1200
Kathi,528,246,134,105,01458.jpg,1600,1200
Pacha,690,367,228,161,01460.jpg,1600,1066
Pacha,78,532,552,397,01461.jpg,829,1234
Pacha,439,0,980,685,01463.jpg,1600,1200
Pacha,175,143,84,62,01465.jpg,600,400
Pacha,87,411,371,249,01466.jpg,1600,900
Pacha,287,557,40,24,01467.jpg,612,936
Pacha,261,103,58,44,01468.jpg,700,410
Pacha,147,246,129,111,01469.jpg,448,500
Kathi,175,77,23,17,01471.jpg,416,234
Pacha,230,127,62,51,01475.jpg,768,506
Pacha,164,101,45,45,01476.jpg,768,620
Kathi,362,239,55,45,01476.jpg,768,620
Pacha,204,154,43,43,01478.jpg,410,600
Pacha,163,167,64,83,01479.jpg,414,600
Kathi,268,139,44,28,01480.jpg,600,398
Pacha,204,59,44,42,01481.jpg,410,410
Pacha,293,126,215,158,01482.jpg,832,555
Pacha,249,155,709,484,01483.jpg,990,656
Kathi,125,574,327,271,01484.jpg,729,1062
Kathi,275,393,117,154,01485.jpg,729,1062
Kathi,217,382,209,154,01486.jpg,729,1062
Pacha,3117,950,266,209,01487.jpg,4896,3264
Kathi,131,130,104,69,01489.jpg,800,448
Pacha,532,125,79,78,01489.jpg,800,448
Pacha,173,100,79,82,01490.jpg,800,448
Pacha,562,159,61,70,01490.jpg,800,448
Pacha,193,76,193,134,01491.jpg,484,320
Pacha,184,214,87,65,01493.jpg,900,675
Pacha,475,1698,1209,842,01494.jpg,2112,2816
Pacha,85,40,55,43,01495.jpg,180,240
Kathi,931,245,167,121,01496.jpg,1920,1280
Pacha,402,105,61,46,01497.jpg,601,400
Pacha,141,152,55,36,01497.jpg,601,400
Pacha,542,291,325,272,01498.jpg,1820,1024
Pacha,263,225,156,103,01499.jpg,690,500
Kathi,214,513,66,82,01501.jpg,800,1200
Pacha,125,548,523,397,01503.jpg,900,1200
Pacha,391,317,251,159,01504.jpg,1024,683
Pacha,201,231,107,94,01505.jpg,1200,900
Pacha,420,234,423,293,01506.jpg,1200,900
Pacha,506,498,61,47,01507.jpg,1000,1000
Pacha,645,491,47,53,01507.jpg,1000,1000
Pacha,232,601,70,46,01507.jpg,1000,1000
Pacha,207,231,57,43,01508.jpg,700,700
Pacha,202,304,58,45,01509.jpg,1000,648
Pacha,412,286,75,54,01509.jpg,1000,648
Pacha,932,279,61,38,01509.jpg,1000,648
Kathi,748,152,69,65,01509.jpg,1000,648
Pacha,490,281,31,41,01509.jpg,1000,648
Kathi,324,387,59,68,01510.jpg,784,1020
Pacha,354,210,269,242,01511.jpg,800,550
Kathi,416,335,240,167,01512.jpg,1024,765
Pacha,325,356,218,140,01513.jpg,768,915
Pacha,150,356,134,96,01516.jpg,1200,763
Pacha,462,268,194,150,01517.jpg,1200,749
Pacha,190,124,85,65,01518.jpg,550,358
Pacha,131,277,66,50,01519.jpg,1024,683
Pacha,421,321,50,43,01519.jpg,1024,683
Pacha,710,374,34,37,01519.jpg,1024,683
Pacha,861,362,40,39,01519.jpg,1024,683
Pacha,305,313,212,154,01520.jpg,1024,1024
Pacha,158,443,324,208,01521.jpg,1080,1080
Pacha,596,360,68,49,01522.jpg,1200,897
Pacha,580,62,23,18,01523.jpg,1000,570
Pacha,225,346,41,34,01524.jpg,839,1200
Pacha,193,228,34,25,01524.jpg,839,1200
Kathi,381,267,43,29,01524.jpg,839,1200
Pacha,430,359,24,19,01525.jpg,1200,854
Pacha,461,448,27,25,01525.jpg,1200,854
Kathi,566,386,31,23,01525.jpg,1200,854
Pacha,769,206,73,84,01527.jpg,1200,861
Pacha,291,223,47,58,01528.jpg,600,804
Pacha,189,72,57,41,01529.jpg,400,400
Pacha,454,34,99,119,01530.jpg,1500,500
Pacha,422,261,164,116,01531.jpg,980,728
Pacha,306,126,71,50,01532.jpg,774,600
Pacha,557,126,78,60,01532.jpg,774,600
Pacha,401,521,284,220,01533.jpg,1352,903
Pacha,155,105,64,52,01534.jpg,375,500
Kathi,128,87,49,33,01535.jpg,300,224
Pacha,357,269,135,97,01536.jpg,1280,850
Pacha,168,147,120,78,01539.jpg,700,385
Pacha,212,154,90,78,01540.jpg,1200,630
Pacha,816,182,85,74,01540.jpg,1200,630
Pacha,235,945,570,391,01542.jpg,1120,1584
Pacha,474,439,142,145,01543.jpg,1920,1017
Pacha,441,135,93,61,01544.jpg,768,485
Pacha,290,128,47,53,01545.jpg,620,412
Pacha,78,75,530,418,01546.jpg,960,582
Pacha,310,457,124,97,01547.jpg,2048,1365
Pacha,536,761,140,120,01547.jpg,2048,1365
Pacha,643,703,88,92,01547.jpg,2048,1365
Pacha,792,814,97,69,01547.jpg,2048,1365
Kathi,1005,623,141,111,01547.jpg,2048,1365
Pacha,403,131,65,61,01548.jpg,555,380
Pacha,94,670,296,217,01549.jpg,1134,1134
Pacha,536,210,109,75,01550.jpg,800,600
Pacha,170,265,32,23,01550.jpg,800,600
Pacha,1499,303,42,85,01551.jpg,1905,1080
Pacha,654,321,68,51,01554.jpg,1024,683
Pacha,1296,602,339,278,01555.jpg,2500,1668
Pacha,655,309,48,39,01556.jpg,1024,683
Pacha,689,313,38,37,01557.jpg,1024,683
Pacha,505,230,25,37,01558.jpg,1024,683
Pacha,288,249,377,297,01559.jpg,1109,799
Pacha,91,98,46,33,01560.jpg,251,365
Pacha,596,309,149,143,01561.jpg,1600,1060
Pacha,649,246,71,53,01562.jpg,950,660
Pacha,157,105,69,56,01564.jpg,499,357
Pacha,109,130,86,65,01565.jpg,600,600
Pacha,968,960,202,163,01566.jpg,1280,1269
Kathi,556,962,178,169,01566.jpg,1280,1269
Kathi,100,375,224,175,01566.jpg,1280,1269
Pacha,51,262,48,49,01567.jpg,900,900
Pacha,328,511,283,183,01568.jpg,900,900
Pacha,0,0,900,900,01569.jpg,900,900
Pacha,571,343,65,81,01570.jpg,900,900
Pacha,664,156,55,68,01570.jpg,900,900
Pacha,19,167,100,74,01570.jpg,900,900
Pacha,307,314,249,162,01571.jpg,900,900
Pacha,332,335,270,182,01572.jpg,900,900
Pacha,249,312,187,146,01573.jpg,900,900
Pacha,375,206,370,349,01574.jpg,900,900
Pacha,226,246,353,265,01575.jpg,900,900
Pacha,272,208,527,387,01576.jpg,900,900
Pacha,511,352,166,115,01577.jpg,900,900
Pacha,12,212,888,646,01578.jpg,900,900
Pacha,334,193,252,185,01579.jpg,1080,608
Pacha,894,522,207,149,01580.jpg,1600,1296
Pacha,1104,1423,836,604,01581.jpg,2448,3264
Pacha,683,546,340,245,01582.jpg,1800,1200
Pacha,177,357,154,101,01583.jpg,520,750
Pacha,359,158,148,95,01584.jpg,800,531
Pacha,299,167,79,66,01585.jpg,1000,659
Pacha,714,293,82,62,01587.jpg,1280,720
Pacha,115,518,444,292,01588.jpg,729,1097
Pacha,453,193,127,88,01589.jpg,1014,760
Pacha,153,175,339,355,01590.jpg,960,636
Pacha,280,553,462,348,01591.jpg,1067,1600
Pacha,1270,181,149,97,01592.jpg,1543,1155
Kathi,1183,648,139,114,01592.jpg,1543,1155
Pacha,518,257,62,48,01592.jpg,1543,1155
Pacha,380,183,52,39,01592.jpg,1543,1155
Pacha,254,123,45,35,01592.jpg,1543,1155
Pacha,138,82,39,27,01592.jpg,1543,1155
Pacha,304,606,102,101,01593.jpg,1864,1203
Pacha,484,426,61,86,01593.jpg,1864,1203
Pacha,606,500,89,64,01593.jpg,1864,1203
Pacha,826,462,85,70,01593.jpg,1864,1203
Kathi,1029,361,118,102,01593.jpg,1864,1203
Pacha,439,629,210,167,01594.jpg,1920,1280
Kathi,231,258,172,131,01595.jpg,600,800
Kathi,396,258,173,131,01596.jpg,932,800
Pacha,256,163,95,69,01597.jpg,660,645
Pacha,131,278,23,38,01598.jpg,640,480
Kathi,201,92,46,41,01598.jpg,640,480
Pacha,2388,965,549,483,01599.jpg,4256,2841
Pacha,1047,1095,221,319,01599.jpg,4256,2841
Pacha,255,151,120,82,01600.jpg,584,404
Pacha,169,122,137,113,01601.jpg,650,426
Pacha,132,53,36,24,01602.jpg,240,331
Kathi,259,137,38,27,01603.jpg,394,333
Pacha,375,222,532,368,01604.jpg,1024,685
Pacha,873,482,299,211,01605.jpg,1440,900
Pacha,1131,436,159,100,01606.jpg,1600,1060
Kathi,367,339,115,123,01606.jpg,1600,1060
Pacha,79,120,569,389,01609.jpg,740,563
Pacha,915,47,138,90,01610.jpg,1200,630
Pacha,334,470,103,75,01612.jpg,828,1103
Pacha,487,234,73,64,01613.jpg,800,600
Kathi,242,176,95,70,01613.jpg,800,600
Pacha,0,140,206,181,01614.jpg,297,359
Pacha,140,103,163,128,01615.jpg,480,360
Pacha,171,184,59,61,01616.jpg,640,640
Kathi,995,285,342,255,01617.jpg,1600,1000
Pacha,485,374,94,85,01618.jpg,1440,900
Pacha,18,10,395,259,01619.jpg,450,285
Pacha,483,314,164,130,01620.jpg,800,800
Pacha,727,13,234,184,01621.jpg,1200,630
Pacha,282,102,80,59,01622.jpg,640,427
Pacha,368,540,302,190,01624.jpg,1127,1600
Pacha,229,92,44,36,01626.jpg,358,400
Pacha,318,145,147,103,01628.jpg,700,525
Pacha,206,236,94,78,01629.jpg,1024,626
Pacha,639,161,95,71,01629.jpg,1024,626
Pacha,382,250,136,102,01630.jpg,1440,958
Pacha,153,135,127,85,01631.jpg,500,385
Pacha,161,342,303,242,01632.jpg,600,887
Pacha,41,727,114,84,01633.jpg,1440,1440
Pacha,419,719,106,82,01633.jpg,1440,1440
Pacha,464,1015,110,69,01633.jpg,1440,1440
Pacha,730,715,101,78,01633.jpg,1440,1440
Pacha,1123,721,73,78,01633.jpg,1440,1440
Kathi,829,687,114,91,01633.jpg,1440,1440
Pacha,122,190,143,98,01634.jpg,512,288
Pacha,332,322,122,105,01635.jpg,1152,767
Pacha,844,401,397,270,01636.jpg,1284,1024
Pacha,1378,581,167,198,01637.jpg,2560,1702
Pacha,339,336,204,154,01638.jpg,1232,816
Pacha,231,162,132,91,01639.jpg,660,440
Pacha,324,815,748,540,01640.jpg,1072,1429
Pacha,317,288,154,107,01641.jpg,800,600
Pacha,296,434,215,187,01642.jpg,1280,854
Pacha,442,535,177,131,01643.jpg,1488,1140
Pacha,373,186,150,102,01644.jpg,895,500
Pacha,301,186,343,253,01646.jpg,800,616
Pacha,437,178,102,88,01647.jpg,780,521
Pacha,192,201,39,59,01647.jpg,780,521
Kathi,313,282,170,131,01650.jpg,800,598
Pacha,111,198,54,43,01651.jpg,800,600
Pacha,210,333,61,52,01651.jpg,800,600
Pacha,258,308,38,40,01651.jpg,800,600
Pacha,323,358,44,29,01651.jpg,800,600
Kathi,416,273,61,48,01651.jpg,800,600
Pacha,351,265,139,86,01652.jpg,1200,749
Pacha,183,138,70,49,01653.jpg,615,384
Pacha,356,105,63,47,01654.jpg,615,384
Pacha,396,100,29,38,01655.jpg,615,384
Pacha,185,91,44,40,01655.jpg,615,384
Pacha,382,87,48,42,01656.jpg,615,384
Pacha,168,119,68,47,01657.jpg,615,384
Pacha,179,145,70,50,01658.jpg,615,384
Pacha,333,270,159,151,01659.jpg,1000,727
Kathi,1749,1341,864,712,01660.jpg,4580,3180
Pacha,149,102,48,43,01661.jpg,460,383
Pacha,317,390,128,120,01662.jpg,1200,750
Pacha,587,135,400,275,01663.jpg,1260,500
Pacha,315,299,302,222,01664.jpg,2048,1382
Kathi,250,127,198,133,01665.jpg,617,452
Pacha,249,115,41,52,01666.jpg,576,300
Pacha,599,194,272,208,01667.jpg,1024,684
Pacha,188,356,235,158,01667.jpg,1024,684
Pacha,378,224,151,109,01669.jpg,1200,800
Pacha,256,222,36,24,01674.jpg,764,565
Pacha,116,157,64,47,01675.jpg,720,450
Pacha,399,178,52,38,01675.jpg,720,450
Pacha,499,137,69,52,01675.jpg,720,450
Pacha,632,176,55,42,01675.jpg,720,450
Pacha,375,39,142,196,01676.jpg,600,300
Pacha,170,137,198,146,01677.jpg,600,450
Pacha,1,283,844,627,01678.jpg,1280,1024
Pacha,438,628,210,168,01679.jpg,1920,1280
Pacha,346,302,155,102,01680.jpg,920,637
Pacha,555,380,236,163,01681.jpg,1280,1888
Pacha,215,113,71,52,01682.jpg,510,287
Kathi,598,372,454,327,01683.jpg,1680,1050
Pacha,361,174,68,89,01684.jpg,1000,667
Pacha,188,256,164,103,01685.jpg,840,560
Pacha,484,173,189,138,01686.jpg,1200,627
Pacha,71,113,389,611,01687.jpg,1000,1510
Pacha,59,178,41,43,01688.jpg,650,419
Pacha,145,110,25,38,01688.jpg,650,419
Pacha,192,151,37,26,01688.jpg,650,419
Pacha,285,148,38,29,01688.jpg,650,419
Kathi,377,117,50,43,01688.jpg,650,419
Kathi,202,74,39,41,01689.jpg,415,276
Pacha,251,300,155,101,01690.jpg,728,633
Pacha,269,194,38,27,01691.jpg,845,440
Pacha,108,153,39,27,01691.jpg,845,440
Pacha,337,302,156,102,01692.jpg,900,640
Pacha,194,135,94,69,01693.jpg,509,512
Pacha,277,226,100,66,01695.jpg,600,900
Pacha,745,409,240,177,01697.jpg,1200,900
Pacha,260,593,336,229,01699.jpg,768,1024
Pacha,551,364,152,102,01700.jpg,1600,1166
Pacha,1205,310,175,117,01700.jpg,1600,1166
Kathi,783,376,116,85,01700.jpg,1600,1166
Kathi,456,351,230,184,01701.jpg,1200,833
Pacha,100,149,41,30,01703.jpg,663,441
Pacha,174,247,44,37,01703.jpg,663,441
Pacha,209,228,29,28,01703.jpg,663,441
Pacha,256,264,32,22,01703.jpg,663,441
Kathi,326,202,46,35,01703.jpg,663,441
Pacha,391,675,389,277,01704.jpg,1200,1167
Pacha,66,324,131,96,01705.jpg,404,550
Pacha,255,385,111,73,01705.jpg,404,550
Pacha,232,299,252,181,01706.jpg,1600,1200
Kathi,334,229,262,195,01707.jpg,960,640
Kathi,304,134,55,56,01708.jpg,640,450
Pacha,259,337,88,86,01709.jpg,1600,480
Pacha,416,184,52,71,01709.jpg,1600,480
Pacha,521,247,75,53,01709.jpg,1600,480
Pacha,709,213,73,60,01709.jpg,1600,480
Kathi,885,126,100,87,01709.jpg,1600,480
Pacha,340,260,174,114,01710.jpg,880,710
Kathi,55,101,45,28,01711.jpg,154,230
Pacha,141,113,70,59,01712.jpg,980,654
Pacha,448,131,80,56,01712.jpg,980,654
Kathi,311,90,58,41,01714.jpg,640,450
Pacha,207,66,105,88,01715.jpg,539,311
Pacha,291,216,303,265,01716.jpg,1000,664
Pacha,365,171,61,74,01718.jpg,845,440
Pacha,346,125,26,21,01719.jpg,550,320
Pacha,122,154,27,19,01719.jpg,550,320
Pacha,585,97,266,201,01720.jpg,1000,492
Pacha,184,255,230,155,01720.jpg,1000,492
Pacha,35,194,29,20,01721.jpg,360,347
Pacha,108,84,52,39,01722.jpg,700,414
Pacha,538,131,102,69,01722.jpg,700,414
Pacha,2112,1221,994,825,01723.jpg,5184,3456
Pacha,905,350,193,142,01724.jpg,1920,1363
Pacha,269,114,74,52,01725.jpg,600,450
Pacha,110,132,195,141,01726.jpg,610,406
Pacha,275,162,20,36,01727.jpg,988,440
Pacha,496,101,39,35,01727.jpg,988,440
Pacha,542,136,86,64,01728.jpg,720,540
Pacha,1335,479,164,116,01729.jpg,2100,1472
Kathi,250,127,197,133,01730.jpg,617,452
Pacha,462,179,55,64,01731.jpg,1280,720
Pacha,276,477,311,208,01733.jpg,2048,1214
Pacha,1541,810,512,353,01734.jpg,5184,3456